city,lat,lon,performer,year
"New York, NY",40.7127281,-74.0060152,Adrian Ames,1930
"New York, NY",40.7127281,-74.0060152,Adrian Ames,1931
"New York, NY",40.7127281,-74.0060152,Adrian Ames,1934
"Rochester, NY",43.157285,-77.615214,Adrian Ames,1935
"Buffalo, NY",42.8867166,-78.8783922,Adrian Ames,1935
"New York, NY",40.7127281,-74.0060152,Adrian Ames,1935
"New York, NY",40.7127281,-74.0060152,Adrian Ames,1938
"Pittsburgh, PA",40.4416941,-79.9900861,Adrian Norris,1937
"New York, NY",40.7127281,-74.0060152,Adrienne,1936
"Chicago, IL",41.8755616,-87.6244212,Al Benson,1933
"Chicago, IL",41.8755616,-87.6244212,Al Benson,1934
"New York, NY",40.7127281,-74.0060152,Al DeMarco,1934
"New York, NY",40.7127281,-74.0060152,Al DeMarco,1936
"Philadelphia, PA",39.9527237,-75.1635262,Al DeMarco,1937
"Chicago, IL",41.8755616,-87.6244212,Al Garbell,1934
"Warren, PA",41.843949,-79.145045,Al Lucas,1935
"Cincinnati, OH",39.1014537,-84.5124602,Al Ray,1934
"Chicago, IL",41.8755616,-87.6244212,Al Ray,1934
"Olean, NY",42.0774779,-78.4298613,Alberta Vaughn,1935
"New York, NY",40.7127281,-74.0060152,Alberta Vaughn,1935
"Jamestown, NY",42.0970023,-79.2353259,Alberta Vaughn,1935
"Syracuse, NY",43.0481221,-76.1474244,Alberta Vaughn,1935
"Binghamton, NY",42.096968,-75.914341,Alberta Vaughn,1935
"Scranton, PA",41.4086874,-75.6621294,Alberta Vaughn,1935
"Louisville, KY",38.2542376,-85.759407,Alberta Vaughn,1936
"Benton Harbor, MI",42.1167065,-86.4541894,Alberta Vaughn,1936
"Benton Harbor, MI",42.1167065,-86.4541894,Alberta Vaughn,1937
"Minneapolis, MN",44.9772995,-93.2654692,Alberta Vaughn,1938
Washington DC,38.8950368,-77.0365427,Alden Garrison,1933
"Baltimore, MD",39.2908816,-76.610759,Alden Garrison,1934
Washington DC,38.8950368,-77.0365427,Alden Garrison,1937
"Albany, NY",42.6511674,-73.754968,Alfred Carmen,1935
"Chicago, IL",41.8755616,-87.6244212,Alice Rydner,1934
"Chicago, IL",41.8755616,-87.6244212,Alice White,1936
"Chicago, IL",41.8755616,-87.6244212,Alice White,1939
"Chicago, IL",41.8755616,-87.6244212,Alice White,1940
"Atlantic City, NJ",39.3642852,-74.4229351,Allen Carl,1934
"New York, NY",40.7127281,-74.0060152,Andy Cliff,1934
"Philadelphia, PA",39.9527237,-75.1635262,Anthony DiMeo,1937
"Atlantic City, NJ",39.3642852,-74.4229351,Arica Wild,1933
"New York, NY",40.7127281,-74.0060152,Arica Wild,1934
"Albany, NY",42.6511674,-73.754968,Arica Wild,1935
"Akron, OH",41.083064,-81.518485,Art Bernard,1937
"Chicago, IL",41.8755616,-87.6244212,Art West,1933
"Kansas City, MO",39.100105,-94.5781416,Art West,1935
"Miami, FL",25.7741728,-80.19362,Art West,1935
"Chicago, IL",41.8755616,-87.6244212,Art West,1935
"Cleveland, OH",41.5051613,-81.6934446,Art West,1936
"Mansfield, OH",40.75839,-82.5154471,Art West,1939
"New York, NY",40.7127281,-74.0060152,Arthur Budd,1930
"New York, NY",40.7127281,-74.0060152,Arthur Budd,1931
"New York, NY",40.7127281,-74.0060152,Arthur Budd,1932
"New York, NY",40.7127281,-74.0060152,Arthur Budd,1933
"Miami, FL",25.7741728,-80.19362,Arthur Budd,1939
"Salem, OR",44.9391565,-123.033121,Arthur La Delle,1937
"Reno, NV",39.5261206,-119.8126581,Arthur La Delle,1937
Washington DC,38.8950368,-77.0365427,Bab Garrison,1938
Washington DC,38.8950368,-77.0365427,Bab Garrison,1940
"Miami, FL",25.7741728,-80.19362,Babe Allen,1934
"Kansas City, MO",39.100105,-94.5781416,Babe Allen,1935
"Miami, FL",25.7741728,-80.19362,Babe Allen,1935
"Chicago, IL",41.8755616,-87.6244212,Babe Allen,1935
"Miami, FL",25.7741728,-80.19362,Babe Baker,1939
"New York, NY",40.7127281,-74.0060152,Barbette,1935
"New York, NY",40.7127281,-74.0060152,Barbette,1936
"Cincinnati, OH",39.1014537,-84.5124602,Bel Ager,1934
"Baltimore, MD",39.2908816,-76.610759,Bert Sherry,1934
"Baltimore, MD",39.2908816,-76.610759,Bert Sherry,1935
"Baltimore, MD",39.2908816,-76.610759,Bert Sherry,1937
"New York, NY",40.7127281,-74.0060152,Bert Wheeler,1931
"Seattle, WA",47.6038321,-122.3300624,Bert Wheeler,1937
"St. Louis, MO",38.6529545,-90.24111656024635,Bertie Bierman,1935
"Miami, FL",25.7741728,-80.19362,Bill Kennedy,1939
"Miami, FL",25.7741728,-80.19362,Bill Kennedy,1940
"Miami, FL",25.7741728,-80.19362,Bill Rohmer,1939
"Miami, FL",25.7741728,-80.19362,Bill Rohmer,1940
"Akron, OH",41.083064,-81.518485,Billie Berke,1937
"Baltimore, MD",39.2908816,-76.610759,Billie Beryl,1935
"Detroit, MI",42.3315509,-83.0466403,Billie Beryl,1937
"Kansas City, MO",39.100105,-94.5781416,Billie Beryl,1938
"Chicago, IL",41.8755616,-87.6244212,Billie Brannon,1933
"Chicago, IL",41.8755616,-87.6244212,Billie Brannon,1934
"Buffalo, NY",42.8867166,-78.8783922,Billie Brannon,1935
"Baltimore, MD",39.2908816,-76.610759,Billie Brannon,1935
"New York, NY",40.7127281,-74.0060152,Billie Brannon,1935
"Chicago, IL",41.8755616,-87.6244212,Billie Brannon,1935
"Syracuse, NY",43.0481221,-76.1474244,Billie Brannon,1935
"Asbury Park, NJ",40.2203907,-74.0120817,Billie Brannon,1935
"Pittsburgh, PA",40.4416941,-79.9900861,Billie Brannon,1936
"San Antonio, TX",29.4246002,-98.4951405,Billie Brennan,1936
"Kansas City, MO",39.100105,-94.5781416,Billie Brennan,1936
"Kansas City, MO",39.100105,-94.5781416,Billie Brennan,1937
"Rock Island, IL",41.4411786,-90.5766144,Billie Dale,1938
"Atlantic City, NJ",39.3642852,-74.4229351,Billie Davis,1933
"New York, NY",40.7127281,-74.0060152,Billie Davis,1934
Washington DC,38.8950368,-77.0365427,Billie Dove,1937
Washington DC,38.8950368,-77.0365427,Billie McAllister,1937
"Chicago, IL",41.8755616,-87.6244212,Billie McAllister,1939
"Chicago, IL",41.8755616,-87.6244212,Billie Russell,1933
"Chicago, IL",41.8755616,-87.6244212,Billie Russell,1934
"Kansas City, MO",39.100105,-94.5781416,Billie Russell,1935
"Miami, FL",25.7741728,-80.19362,Billie Russell,1935
"Chicago, IL",41.8755616,-87.6244212,Billie Russell,1935
"Miami, FL",25.7741728,-80.19362,"Billy (""Senorita"") Herrera",1933
"Milwaukee, WI",43.0349931,-87.922497,"Billy (""Senorita"") Herrera",1933
"Chicago, IL",41.8755616,-87.6244212,"Billy (""Senorita"") Herrera",1933
"Miami, FL",25.7741728,-80.19362,"Billy (""Senorita"") Herrera",1934
"Baltimore, MD",39.2908816,-76.610759,"Billy (""Senorita"") Herrera",1935
"Miami, FL",25.7741728,-80.19362,"Billy (""Senorita"") Herrera",1935
"Baltimore, MD",39.2908816,-76.610759,"Billy (""Senorita"") Herrera",1936
"Miami, FL",25.7741728,-80.19362,"Billy (""Senorita"") Herrera",1936
"San Antonio, TX",29.4246002,-98.4951405,"Billy (""Senorita"") Herrera",1936
"Seattle, WA",47.6038321,-122.3300624,"Billy (""Senorita"") Herrera",1937
"Philadelphia, PA",39.9527237,-75.1635262,"Billy (""Senorita"") Herrera",1937
"San Francisco, CA",37.7790262,-122.4199061,"Billy (""Senorita"") Herrera",1938
"Salinas, CA",36.6744117,-121.6550372,"Billy (""Senorita"") Herrera",1938
"San Francisco, CA",37.7790262,-122.4199061,"Billy (""Senorita"") Herrera",1939
"San Francisco, CA",37.7790262,-122.4199061,"Billy (""Senorita"") Herrera",1940
"Miami, FL",25.7741728,-80.19362,"Billy (""Senorita"") Herrera",1940
"New York, NY",40.7127281,-74.0060152,Billy ?,1937
"Baltimore, MD",39.2908816,-76.610759,Billy Beryl,1935
"Baltimore, MD",39.2908816,-76.610759,Billy Brill,1937
"Atlantic City, NJ",39.3642852,-74.4229351,Billy Brill,1937
"Pittsburgh, PA",40.4416941,-79.9900861,Billy Brill,1937
"Philadelphia, PA",39.9527237,-75.1635262,Billy Brill,1937
"Philadelphia, PA",39.9527237,-75.1635262,Billy Brill,1939
"Detroit, MI",42.3315509,-83.0466403,Billy Brill,1940
"San Francisco, CA",37.7790262,-122.4199061,Billy Byrne,1940
"Syracuse, NY",43.0481221,-76.1474244,Billy Hayes,1935
"Louisville, KY",38.2542376,-85.759407,Billy Hayes,1936
"Benton Harbor, MI",42.1167065,-86.4541894,Billy Hayes,1937
"Zanesville, OH",39.9403453,-82.0131924,Billy Hayes,1938
OH,40.2253569,-82.6881395,Billy Hayes,1938
"Detroit, MI",42.3315509,-83.0466403,Billy Hayes,1940
"Zanesville, OH",39.9403453,-82.0131924,Billy Irwin,1938
OH,40.2253569,-82.6881395,Billy Irwin,1938
"Detroit, MI",42.3315509,-83.0466403,Billy Joy,1940
"Akron, OH",41.083064,-81.518485,Billy Kent,1936
"Syracuse, NY",43.0481221,-76.1474244,Billy O'Brien,1935
"New York, NY",40.7127281,-74.0060152,Billy O'Brien,1935
"Columbus, OH",39.9622601,-83.0007065,Billy Pinnell,1937
"New York, NY",40.7127281,-74.0060152,Billy Reed,1930
"New York, NY",40.7127281,-74.0060152,Billy Reed,1931
"Chicago, IL",41.8755616,-87.6244212,Billy Richards,1933
"Cincinnati, OH",39.1014537,-84.5124602,Billy Richards,1934
"Chicago, IL",41.8755616,-87.6244212,Billy Richards,1934
"Kansas City, MO",39.100105,-94.5781416,Billy Richards,1935
"San Francisco, CA",37.7790262,-122.4199061,Billy Richards,1935
"San Antonio, TX",29.4246002,-98.4951405,Billy Richards,1936
"Youngstown, OH",41.1035786,-80.6520161,Billy Richards,1936
"Reno, NV",39.5261206,-119.8126581,Billy Richards,1937
"Miami, FL",25.7741728,-80.19362,Billy Rohmer,1934
"Miami, FL",25.7741728,-80.19362,Billy Rohmer,1935
"Chicago, IL",41.8755616,-87.6244212,Billy Rohmer,1935
"Cleveland, OH",41.5051613,-81.6934446,Billy Rohmer,1936
"Seattle, WA",47.6038321,-122.3300624,Billy Rohmer,1937
"Shreveport, LA",32.5221828,-93.7651944,Billy Rohmer,1937
"Detroit, MI",42.3315509,-83.0466403,Billy Rohmer,1937
"Miami, FL",25.7741728,-80.19362,Billy Rohmer,1939
"Warren, PA",41.843949,-79.145045,Billy Turner,1935
"Albany, NY",42.6511674,-73.754968,Billy West,1934
"Rochester, NY",43.157285,-77.615214,Billy West,1935
"New York, NY",40.7127281,-74.0060152,Billy West,1935
"Saratoga Springs, NY",43.0821793,-73.7853915,Billy West,1935
"New York, NY",40.7127281,-74.0060152,Billy West,1938
"Miami, FL",25.7741728,-80.19362,Blackie Dennis,1939
"Miami, FL",25.7741728,-80.19362,Blackie Dennis,1940
"Reno, NV",39.5261206,-119.8126581,Bob Mack,1937
"Cincinnati, OH",39.1014537,-84.5124602,Bobbie Bell,1934
"Kansas City, MO",39.100105,-94.5781416,Bobbie Bell,1935
"San Antonio, TX",29.4246002,-98.4951405,Bobbie Bell,1936
"Kansas City, MO",39.100105,-94.5781416,Bobbie Bell,1936
"Chicago, IL",41.8755616,-87.6244212,Bobbie Bell,1936
"Akron, OH",41.083064,-81.518485,Bobbie Bell,1937
"Columbus, OH",39.9622601,-83.0007065,Bobbie Bell,1937
"Youngstown, OH",41.1035786,-80.6520161,Bobbie Bell,1937
"Detroit, MI",42.3315509,-83.0466403,Bobbie Bell,1940
"New York, NY",40.7127281,-74.0060152,Bobbie Davis,1934
"Chicago, IL",41.8755616,-87.6244212,Bobbie Davis,1938
"Chicago, IL",41.8755616,-87.6244212,Bobbie Davis,1939
"Detroit, MI",42.3315509,-83.0466403,Bobbie Kaye,1940
"Chicago, IL",41.8755616,-87.6244212,Bobbie La Marr,1933
"Jamestown, NY",42.0970023,-79.2353259,Bobbie La Marr,1934
"Albany, NY",42.6511674,-73.754968,Bobbie La Marr,1935
"Saratoga Springs, NY",43.0821793,-73.7853915,Bobbie La Marr,1935
"Columbus, OH",39.9622601,-83.0007065,Bobbie La Marr,1936
"New York, NY",40.7127281,-74.0060152,Bobbie La Marr,1936
"Youngstown, OH",41.1035786,-80.6520161,Bobbie La Marr,1936
"Philadelphia, PA",39.9527237,-75.1635262,Bobbie La Marr,1937
"Buffalo, NY",42.8867166,-78.8783922,Bobbie La Marr,1937
"Detroit, MI",42.3315509,-83.0466403,Bobbie La Marr,1937
"Youngstown, OH",41.1035786,-80.6520161,Bobbie La Marr,1937
"New York, NY",40.7127281,-74.0060152,Bobbie La Marr,1938
"Miami, FL",25.7741728,-80.19362,Bobbie La Marr,1939
"Miami, FL",25.7741728,-80.19362,Bobbie La Marr,1940
"Detroit, MI",42.3315509,-83.0466403,Bobbie La Marr,1940
"Chicago, IL",41.8755616,-87.6244212,Bobbie Macklin,1936
"Chicago, IL",41.8755616,-87.6244212,Bobbie Macklin,1938
"Warren, PA",41.843949,-79.145045,Bobbie Marlowe,1935
"Pittsburgh, PA",40.4416941,-79.9900861,Bobbie Marlowe,1935
"Benton Harbor, MI",42.1167065,-86.4541894,Bobby Allen,1934
"Louisville, KY",38.2542376,-85.759407,Bobby Allen,1936
"Lansing, MI",42.7337712,-84.5553805,Bobby Allen,1936
"Benton Harbor, MI",42.1167065,-86.4541894,Bobby Allen,1936
"Dayton, OH",39.7589478,-84.1916069,Bobby Allen,1936
"Sandusky, OH",41.4561002,-82.7115813,Bobby Allen,1937
"Richmond, IN",33.715307,-117.7629546,Bobby Allen,1937
"Benton Harbor, MI",42.1167065,-86.4541894,Bobby Allen,1937
"Zanesville, OH",39.9403453,-82.0131924,Bobby Allen,1938
OH,40.2253569,-82.6881395,Bobby Allen,1938
"Massillon, OH",40.7965119,-81.5231597,Bobby Allen,1939
"Los Angeles, CA",34.0536909,-118.242766,Bobby Anderson,1933
"Miami, FL",25.7741728,-80.19362,Bobby Anderson,1933
"Kansas City, MO",39.100105,-94.5781416,Bobby Bell,1935
"Syracuse, NY",43.0481221,-76.1474244,Bobby Brennan,1935
"Kansas City, MO",39.100105,-94.5781416,Bobby Cummins,1936
"Philadelphia, PA",39.9527237,-75.1635262,Bobby Dean,1937
"Philadelphia, PA",39.9527237,-75.1635262,Bobby Dean,1940
"New York, NY",40.7127281,-74.0060152,Bobby Dell,1934
"Pittsburgh, PA",40.4416941,-79.9900861,Bobby Dell,1936
"New York, NY",40.7127281,-74.0060152,Bobby Dell,1936
"Pittsburgh, PA",40.4416941,-79.9900861,Bobby Dell,1937
"Philadelphia, PA",39.9527237,-75.1635262,Bobby Dell,1937
"New York, NY",40.7127281,-74.0060152,Bobby Dell,1939
Washington DC,38.8950368,-77.0365427,Bobby Ferguson,1938
"Detroit, MI",42.3315509,-83.0466403,Bobby Ferguson,1940
"Hartford, CT",41.7655582,-72.69061276146614,Bobby Gay,1938
"Los Angeles, CA",34.0536909,-118.242766,Bobby Gordon,1933
"San Antonio, TX",29.4246002,-98.4951405,Bobby Gordon,1936
"San Francisco, CA",37.7790262,-122.4199061,Bobby Gordon,1938
"Chicago, IL",41.8755616,-87.6244212,Bobby Grant,1939
"Syracuse, NY",43.0481221,-76.1474244,Bobby Hayes,1935
"Asbury Park, NJ",40.2203907,-74.0120817,Bobby Johnson,1935
"New York, NY",40.7127281,-74.0060152,Bobby Johnson,1935
"Philadelphia, PA",39.9527237,-75.1635262,Bobby Jones,1934
"Lansing, MI",42.7337712,-84.5553805,Bobby Jones,1936
"Philadelphia, PA",39.9527237,-75.1635262,Bobby Kork,1935
"Harrisburg, PA",40.2663107,-76.8861122,Bobby La Rue,1934
"Los Angeles, CA",34.0536909,-118.242766,Bobby La Rue,1935
"Massillon, OH",40.7965119,-81.5231597,Bobby La Rue,1936
"Los Angeles, CA",34.0536909,-118.242766,Bobby La Rue,1936
"Phoenix, AZ",33.4484367,-112.0741417,Bobby La Rue,1936
"East Liverpool, OH",40.6186756,-80.5772928,Bobby La Rue,1936
"Columbus, OH",39.9622601,-83.0007065,Bobby La Rue,1936
"Pittsburgh, PA",40.4416941,-79.9900861,Bobby La Rue,1936
"Youngstown, OH",41.1035786,-80.6520161,Bobby La Rue,1936
"Columbus, OH",39.9622601,-83.0007065,Bobby La Rue,1937
"Detroit, MI",42.3315509,-83.0466403,Bobby La Rue,1937
"East Liverpool, OH",40.6186756,-80.5772928,Bobby Lane,1937
"New York, NY",40.7127281,-74.0060152,Bobby Norman,1935
"Jamestown, NY",42.0970023,-79.2353259,Bobby Norman,1935
"Syracuse, NY",43.0481221,-76.1474244,Bobby Norman,1935
"Utica, NY",43.1009031,-75.2326641,Bobby Norman,1935
"Binghamton, NY",42.096968,-75.914341,Bobby Norman,1935
"Scranton, PA",41.4086874,-75.6621294,Bobby Norman,1935
OH,40.2253569,-82.6881395,Bobby Royce,1938
"Chicago, IL",41.8755616,-87.6244212,Bobby Stevens,1933
"Albany, NY",42.6511674,-73.754968,Bobby Sullivan,1939
"Saratoga Springs, NY",43.0821793,-73.7853915,Bobby Sullivan,1939
"Albany, NY",42.6511674,-73.754968,Bobby Sullivan,1940
"Hazleton, PA",40.9646867,-75.9852789,Bobby Trent,1935
"Syracuse, NY",43.0481221,-76.1474244,Bobby Verrill,1935
"Chicago, IL",41.8755616,-87.6244212,Bohannan,1933
"New York, NY",40.7127281,-74.0060152,Bonnie,1936
"New York, NY",40.7127281,-74.0060152,Bonnie Clark,1936
"Kansas City, MO",39.100105,-94.5781416,Bonnie Lee,1935
"Baltimore, MD",39.2908816,-76.610759,Boots Lavana,1934
"Buffalo, NY",42.8867166,-78.8783922,Boots Lavana,1934
"Corpus Christi, TX",27.7477253,-97.4014129,Boots Lavana,1936
"New York, NY",40.7127281,-74.0060152,Brennan,1930
"Baltimore, MD",39.2908816,-76.610759,Brooks Twins,1935
"Chicago, IL",41.8755616,-87.6244212,Bud Byron,1933
"Benton Harbor, MI",42.1167065,-86.4541894,Bud Hart,1937
"Benton Harbor, MI",42.1167065,-86.4541894,Buddy Mayo,1934
"Benton Harbor, MI",42.1167065,-86.4541894,Buddy Mayo,1937
"Detroit, MI",42.3315509,-83.0466403,Buddy Mayo,1937
"Kansas City, MO",39.100105,-94.5781416,Bunny Dorne,1935
"Zanesville, OH",39.9403453,-82.0131924,Buster Brant,1938
OH,40.2253569,-82.6881395,Buster Brant,1938
"East Liverpool, OH",40.6186756,-80.5772928,Buster Hewitt,1937
"Baltimore, MD",39.2908816,-76.610759,Cardie Woodie,1938
"Atlantic City, NJ",39.3642852,-74.4229351,Carl Clewis,1934
"Los Angeles, CA",34.0536909,-118.242766,Carl Clewis,1935
"Cincinnati, OH",39.1014537,-84.5124602,Carll Morgan,1934
"Louisville, KY",38.2542376,-85.759407,Carlo Levins,1936
"Lansing, MI",42.7337712,-84.5553805,Carlo Levins,1936
"Benton Harbor, MI",42.1167065,-86.4541894,Carlo Levins,1937
"Cincinnati, OH",39.1014537,-84.5124602,Carmencita,1934
"Chicago, IL",41.8755616,-87.6244212,Carol Lee,1936
"Chicago, IL",41.8755616,-87.6244212,Carol Lee,1938
"Chicago, IL",41.8755616,-87.6244212,Carol Lee,1939
"Kansas City, MO",39.100105,-94.5781416,Carol Mack,1935
"New York, NY",40.7127281,-74.0060152,Carol Mack,1935
"San Francisco, CA",37.7790262,-122.4199061,Carroll Davis,1940
"Pittsburgh, PA",40.4416941,-79.9900861,Charles Alexander,1937
"Columbus, OH",39.9622601,-83.0007065,Charles Bell,1937
Washington DC,38.8950368,-77.0365427,Charles Davis,1937
"St. Louis, MO",38.6529545,-90.24111656024635,Charley Brugnone,1935
"San Antonio, TX",29.4246002,-98.4951405,Chicki Forrest,1936
"East Liverpool, OH",40.6186756,-80.5772928,Chickie Mears,1936
"Los Angeles, CA",34.0536909,-118.242766,Chickie Mears,1936
"Baltimore, MD",39.2908816,-76.610759,Clara Bow,1930
"Pittsburgh, PA",40.4416941,-79.9900861,Clara Bow,1936
"Pittsburgh, PA",40.4416941,-79.9900861,Clara Bow,1937
"Lansing, MI",42.7337712,-84.5553805,Clare St. Clair,1936
"New York, NY",40.7127281,-74.0060152,Clarenz Henderson,1936
"New York, NY",40.7127281,-74.0060152,Clarenz Henderson,1938
"Chicago, IL",41.8755616,-87.6244212,Claudetener,1938
"Minneapolis, MN",44.9772995,-93.2654692,Cleo Renee,1938
"Detroit, MI",42.3315509,-83.0466403,Cleo Renee,1940
"Welch, WV",37.4328886,-81.5844357,Cliff LaVerne,1930
"Warren, PA",41.843949,-79.145045,Cliftonn Argue,1935
"New York, NY",40.7127281,-74.0060152,Cliftonn Argue,1935
"Hazleton, PA",40.9646867,-75.9852789,Connie,1935
"Atlantic City, NJ",39.3642852,-74.4229351,Connie Miller,1934
"Syracuse, NY",43.0481221,-76.1474244,Connie Walsh,1935
"Binghamton, NY",42.096968,-75.914341,Connie Walsh,1935
"Scranton, PA",41.4086874,-75.6621294,Connie Walsh,1935
"New York, NY",40.7127281,-74.0060152,Connie Walsh,1935
"Lansing, MI",42.7337712,-84.5553805,Connie Walsh,1936
"Benton Harbor, MI",42.1167065,-86.4541894,Connie Walsh,1936
"Benton Harbor, MI",42.1167065,-86.4541894,Connie Walsh,1937
"Detroit, MI",42.3315509,-83.0466403,Connie Walsh,1937
"Baltimore, MD",39.2908816,-76.610759,Daisy Devoe,1934
"Baltimore, MD",39.2908816,-76.610759,Daisy Navarro,1934
"Los Angeles, CA",34.0536909,-118.242766,Dan Carson,1933
"Albany, NY",42.6511674,-73.754968,Danny Brown,1935
"New York, NY",40.7127281,-74.0060152,Danny Brown,1935
"Cleveland, OH",41.5051613,-81.6934446,Danny Brown,1936
"Akron, OH",41.083064,-81.518485,Danny Brown,1937
"Detroit, MI",42.3315509,-83.0466403,Danny Brown,1937
"Cleveland, OH",41.5051613,-81.6934446,Danny Brown,1939
"New Castle, PA",40.9999202,-80.3471856,Danny Brown,1939
"Detroit, MI",42.3315509,-83.0466403,Danny Brown,1939
"Detroit, MI",42.3315509,-83.0466403,Danny Brown,1940
"Syracuse, NY",43.0481221,-76.1474244,Danny King,1935
"Benton Harbor, MI",42.1167065,-86.4541894,Danny King,1937
"Albany, NY",42.6511674,-73.754968,Dave Shaw,1935
"Saratoga Springs, NY",43.0821793,-73.7853915,Dave Shaw,1935
"Miami, FL",25.7741728,-80.19362,Dave Shaw,1939
"New York, NY",40.7127281,-74.0060152,David J. Doyle,1935
"Lansing, MI",42.7337712,-84.5553805,Davy Lee,1936
"Chicago, IL",41.8755616,-87.6244212,Dawn Sis,1934
"Centralia, IL",38.5250491,-89.1334037,Deanna Durbin,1939
"Philadelphia, PA",39.9527237,-75.1635262,Dee Liddell,1937
"Albany, NY",42.6511674,-73.754968,Del Dreer,1935
"Albany, NY",42.6511674,-73.754968,Del Le Roy,1935
"Saratoga Springs, NY",43.0821793,-73.7853915,Del Le Roy,1935
"Cleveland, OH",41.5051613,-81.6934446,Del Le Roy,1936
"Detroit, MI",42.3315509,-83.0466403,Del Le Roy,1937
"Philadelphia, PA",39.9527237,-75.1635262,Del Le Roy,1939
"Detroit, MI",42.3315509,-83.0466403,Del Le Roy,1940
"Centralia, IL",38.5250491,-89.1334037,Delores Del Rio,1939
"Albany, NY",42.6511674,-73.754968,Dennis Griffin,1934
"Albany, NY",42.6511674,-73.754968,Dennis Griffin,1935
"Warren, PA",41.843949,-79.145045,Dickie Ray,1935
"Jamestown, NY",42.0970023,-79.2353259,Dickie Ray,1935
"Paterson, NJ",40.9167654,-74.171811,Dimples,1934
"Akron, OH",41.083064,-81.518485,Dion,1937
"Atlantic City, NJ",39.3642852,-74.4229351,Dixie DeLane,1933
"Pottstown, PA",40.2452976,-75.6496424,Dixie DeLane,1935
"Reading, PA",40.335345,-75.9279495,Dixie DeLane,1935
"Pottsville, PA",40.6851324,-76.1953701,Dixie DeLane,1935
"Philadelphia, PA",39.9527237,-75.1635262,Dixie Dixon,1935
"Louisville, KY",38.2542376,-85.759407,Dixie Dixon,1936
"Youngstown, OH",41.1035786,-80.6520161,Dixie Dixon,1936
"Dayton, OH",39.7589478,-84.1916069,Dixie Dixon,1936
"Columbus, OH",39.9622601,-83.0007065,Dixie Dixon,1937
"Detroit, MI",42.3315509,-83.0466403,Dixie Dixon,1937
"Chicago, IL",41.8755616,-87.6244212,Dixie Jean,1938
"Baltimore, MD",39.2908816,-76.610759,Dixie Lee,1936
"Chicago, IL",41.8755616,-87.6244212,Dixie Lee,1936
"Chicago, IL",41.8755616,-87.6244212,Dixie Lee,1937
"Pittsburgh, PA",40.4416941,-79.9900861,Dixie Lee,1938
"Lansing, MI",42.7337712,-84.5553805,Dolly Levins,1936
"Benton Harbor, MI",42.1167065,-86.4541894,Dolly O'Day,1937
"Baltimore, MD",39.2908816,-76.610759,Don Holly,1935
"Baltimore, MD",39.2908816,-76.610759,Don Holly,1937
"San Francisco, CA",37.7790262,-122.4199061,Don Kenyard,1937
"San Francisco, CA",37.7790262,-122.4199061,Don Kenyard,1940
"Los Angeles, CA",34.0536909,-118.242766,Don La Rue,1932
"Los Angeles, CA",34.0536909,-118.242766,Don La Rue,1933
"Baltimore, MD",39.2908816,-76.610759,Don Niles,1936
"San Francisco, CA",37.7790262,-122.4199061,Don Niles,1936
"Sheboygan, WI",43.7508284,-87.71453,Don Rand,1934
"Baltimore, MD",39.2908816,-76.610759,Don Rand,1935
"Buffalo, NY",42.8867166,-78.8783922,Don Rand,1935
"San Antonio, TX",29.4246002,-98.4951405,Don Rand,1936
"Kansas City, MO",39.100105,-94.5781416,Don Rand,1936
"Detroit, MI",42.3315509,-83.0466403,Don Rand,1940
"Miami, FL",25.7741728,-80.19362,Donald Grey,1933
"Miami, FL",25.7741728,-80.19362,Donald Grey,1934
"Los Angeles, CA",34.0536909,-118.242766,Donald Grey,1935
"Kansas City, MO",39.100105,-94.5781416,Donald Grey,1936
"Indianapolis, IN",39.7683331,-86.1583502,Doran? West? Doran?,1930
"New York, NY",40.7127281,-74.0060152,Doran? West? Doran?,1931
"Chicago, IL",41.8755616,-87.6244212,Doris,1936
"Pittsburgh, PA",40.4416941,-79.9900861,Doris (Dimples) White,1937
"Youngstown, OH",41.1035786,-80.6520161,Dorothy Page,1936
"New York, NY",40.7127281,-74.0060152,Douglas Byng,1931
"Benton Harbor, MI",42.1167065,-86.4541894,Doyle Mack,1935
"Kansas City, MO",39.100105,-94.5781416,Doyle Mack,1936
"Chicago, IL",41.8755616,-87.6244212,Doyle Mack,1936
"Sandusky, OH",41.4561002,-82.7115813,Doyle Mack,1937
"Benton Harbor, MI",42.1167065,-86.4541894,Doyle Mack,1937
"Albany, NY",42.6511674,-73.754968,E. Russell,1935
"New York, NY",40.7127281,-74.0060152,E. Russell,1935
"Chicago, IL",41.8755616,-87.6244212,Earl Partello,1934
"New York, NY",40.7127281,-74.0060152,Ed-Na Link,1934
"Syracuse, NY",43.0481221,-76.1474244,Ed-Na Link,1935
"Hazleton, PA",40.9646867,-75.9852789,Ed-Na Link,1935
"Baltimore, MD",39.2908816,-76.610759,Ed-Na Link,1936
"New York, NY",40.7127281,-74.0060152,Eddie Adams,1931
"Syracuse, NY",43.0481221,-76.1474244,Eddie Crawford,1935
"Wappingers Falls, NY",41.5965635,-73.9112103,Eddie Crawford,1935
"Lawnside, NJ",39.8665025,-75.0282253,Eddie Cushenberry,1934
"New York, NY",40.7127281,-74.0060152,Eddie Green,1938
"Seattle, WA",47.6038321,-122.3300624,Eddie La Rue,1939
"Los Angeles, CA",34.0536909,-118.242766,Eddie Lee,1933
"San Francisco, CA",37.7790262,-122.4199061,Eddie Lee,1933
"Sheboygan, WI",43.7508284,-87.71453,Eddie Morton,1934
"Chicago, IL",41.8755616,-87.6244212,Eddie Morton,1934
"Kansas City, MO",39.100105,-94.5781416,Eddie Morton,1935
"San Antonio, TX",29.4246002,-98.4951405,Eddie Morton,1936
"Cleveland, OH",41.5051613,-81.6934446,Eddie Morton,1936
"Detroit, MI",42.3315509,-83.0466403,Eddie Morton,1937
"New York, NY",40.7127281,-74.0060152,Eddie Rogers,1934
"Chicago, IL",41.8755616,-87.6244212,Eddie White,1933
"Chicago, IL",41.8755616,-87.6244212,Edna Leonard,1934
"Akron, OH",41.083064,-81.518485,Edythe Bantos,1937
"Chicago, IL",41.8755616,-87.6244212,El-Kay,1937
"Kansas City, MO",39.100105,-94.5781416,Eli Madlof,1935
"Kansas City, MO",39.100105,-94.5781416,Eli Madlof,1936
"Kansas City, MO",39.100105,-94.5781416,Eli Madlof,1937
"Kansas City, MO",39.100105,-94.5781416,Eli Madlof,1938
"Miami, FL",25.7741728,-80.19362,Enesco?,1935
"Chicago, IL",41.8755616,-87.6244212,Enesco?,1935
"Miami, FL",25.7741728,-80.19362,Enna Davison,1935
"Chicago, IL",41.8755616,-87.6244212,Enna Davison,1935
"New York, NY",40.7127281,-74.0060152,Farfariello,1931
"Buffalo, NY",42.8867166,-78.8783922,Fay Norman,1935
"New York, NY",40.7127281,-74.0060152,Fay Norman,1935
"Jamestown, NY",42.0970023,-79.2353259,Fay Norman,1935
"Syracuse, NY",43.0481221,-76.1474244,Fay Norman,1935
"Warren, PA",41.843949,-79.145045,Fay Norman,1935
"Scranton, PA",41.4086874,-75.6621294,Fay Norman,1935
"Cincinnati, OH",39.1014537,-84.5124602,Fay Norman,1936
"South Bend, IN",38.622348,-105.518825,Fay Norman,1936
"Dayton, OH",39.7589478,-84.1916069,Fay Norman,1936
"Lansing, MI",42.7337712,-84.5553805,Fay Norman,1936
"Louisville, KY",38.2542376,-85.759407,Fay Norman,1936
"Benton Harbor, MI",42.1167065,-86.4541894,Fay Norman,1936
"Nashville, TN",36.1622296,-86.7743531,Fay Norman,1937
"Benton Harbor, MI",42.1167065,-86.4541894,Fay Norman,1937
"St. Louis, MO",38.6529545,-90.24111656024635,Fay Norman,1938
"Pittsburgh, PA",40.4416941,-79.9900861,Ferne Proctor,1935
"Harrisburg, PA",40.2663107,-76.8861122,Fifi,1934
"Sandusky, OH",41.4561002,-82.7115813,Flo Arden,1937
"East Liverpool, OH",40.6186756,-80.5772928,Florence King,1936
"Los Angeles, CA",34.0536909,-118.242766,Florence King,1936
"Miami, FL",25.7741728,-80.19362,Frances,1934
"Kansas City, MO",39.100105,-94.5781416,Frances Daird,1935
"Kansas City, MO",39.100105,-94.5781416,Frances David,1935
"San Antonio, TX",29.4246002,-98.4951405,Frances David,1936
"Detroit, MI",42.3315509,-83.0466403,Frances David,1940
"Chicago, IL",41.8755616,-87.6244212,Frances Dee,1939
"New York, NY",40.7127281,-74.0060152,Frances Dunn,1930
"New York, NY",40.7127281,-74.0060152,Frances Dunn,1931
"New York, NY",40.7127281,-74.0060152,Frances Dunn,1932
"New York, NY",40.7127281,-74.0060152,Frances Dunn,1933
"Miami, FL",25.7741728,-80.19362,Frances Dunn,1939
"New York, NY",40.7127281,-74.0060152,Frances Fay,1930
"New York, NY",40.7127281,-74.0060152,Frances Fay,1931
"Miami, FL",25.7741728,-80.19362,Frances Hall,1938
"New York, NY",40.7127281,-74.0060152,Frances La Verne,1934
"Youngstown, OH",41.1035786,-80.6520161,Frances La Verne,1936
"Albany, NY",42.6511674,-73.754968,Frances Lee,1935
"Minneapolis, MN",44.9772995,-93.2654692,Frances Lee,1938
"San Francisco, CA",37.7790262,-122.4199061,Francis Blair,1933
"Seattle, WA",47.6038321,-122.3300624,Francis Blair,1936
"San Francisco, CA",37.7790262,-122.4199061,Francis Blair,1936
"Salt Lake City, UT",40.7596198,-111.8867975,Francis Blair,1936
"Youngstown, OH",41.1035786,-80.6520161,Francis Blair,1936
"Reno, NV",39.5261206,-119.8126581,Francis Blair,1937
"Kansas City, MO",39.100105,-94.5781416,Francis Blair,1939
"Colorado Springs, CO",38.8339578,-104.8253485,Francis Blair,1939
"Syracuse, NY",43.0481221,-76.1474244,Francis Bouche,1935
OH,40.2253569,-82.6881395,Francis Loite,1938
"New York, NY",40.7127281,-74.0060152,Francis Renault,1930
"Atlantic City, NJ",39.3642852,-74.4229351,Francis Renault,1931
"Los Angeles, CA",34.0536909,-118.242766,Francis Renault,1932
"San Francisco, CA",37.7790262,-122.4199061,Francis Renault,1932
"New York, NY",40.7127281,-74.0060152,Francis Renault,1932
"Asbury Park, NJ",40.2203907,-74.0120817,Francis Renault,1934
"Hartford, CT",41.7655582,-72.69061276146614,Francis Renault,1935
"Akron, OH",41.083064,-81.518485,Francis Renault,1936
"Lansing, MI",42.7337712,-84.5553805,Francis Renault,1936
"Chicago, IL",41.8755616,-87.6244212,Francis Renault,1936
"Akron, OH",41.083064,-81.518485,Francis Renault,1937
"Hartford, CT",41.7655582,-72.69061276146614,Francis Renault,1937
"Philadelphia, PA",39.9527237,-75.1635262,Francis Renault,1937
"Battle Creek, MI",42.3192548,-85.1824269,Francis Renault,1940
"Philadelphia, PA",39.9527237,-75.1635262,Francis Russell,1939
"Baltimore, MD",39.2908816,-76.610759,Francis Stillman,1935
"New Orleans, LA",29.9499323,-90.0701156,Francis Stillman,1935
"Kansas City, MO",39.100105,-94.5781416,Francis Stillman,1938
"Detroit, MI",42.3315509,-83.0466403,Francis Stillman,1940
"Massillon, OH",40.7965119,-81.5231597,Francis Strom,1936
"Akron, OH",41.083064,-81.518485,Francis Strom,1936
"New York, NY",40.7127281,-74.0060152,Francois Densmore,1930
"Chicago, IL",41.8755616,-87.6244212,Frank Doran,1933
"San Francisco, CA",37.7790262,-122.4199061,Frank Doran,1940
"New York, NY",40.7127281,-74.0060152,Frank E. Carroll,1938
"Olean, NY",42.0774779,-78.4298613,Frank Perry,1935
"Warren, PA",41.843949,-79.145045,Frank Perry,1935
"Benton Harbor, MI",42.1167065,-86.4541894,Frank Stroud,1935
"Philadelphia, PA",39.9527237,-75.1635262,Frankie Gondone,1940
"Kansas City, MO",39.100105,-94.5781416,Frankie Shroud,1936
"Chicago, IL",41.8755616,-87.6244212,Frankie Shroud,1936
"Benton Harbor, MI",42.1167065,-86.4541894,Frankie Stroud,1934
"Benton Harbor, MI",42.1167065,-86.4541894,Frankie Stroud,1937
"New York, NY",40.7127281,-74.0060152,Fred Moore,1931
"Los Angeles, CA",34.0536909,-118.242766,Fred Munroe,1932
"San Francisco, CA",37.7790262,-122.4199061,Fred Noll,1933
"Baltimore, MD",39.2908816,-76.610759,Freddie Phillips,1935
"Philadelphia, PA",39.9527237,-75.1635262,Freddie Phillips,1940
"San Francisco, CA",37.7790262,-122.4199061,Freddie Renault,1938
"San Francisco, CA",37.7790262,-122.4199061,Freddie Renault,1939
"San Francisco, CA",37.7790262,-122.4199061,Freddie Renault,1940
"San Francisco, CA",37.7790262,-122.4199061,Freddie Wheeler,1940
"San Francisco, CA",37.7790262,-122.4199061,Freddy Wheeler,1940
"New York, NY",40.7127281,-74.0060152,Fredricka,1939
"Atlantic City, NJ",39.3642852,-74.4229351,Fritz Cantz,1934
"Miami, FL",25.7741728,-80.19362,Fritzie Feltz,1939
"Lansing, MI",42.7337712,-84.5553805,Funny Fanny,1936
"Lima, OH",40.7399785,-84.105006,Funny Fanny,1936
"Benton Harbor, MI",42.1167065,-86.4541894,Funny Fanny,1936
"Dayton, OH",39.7589478,-84.1916069,Funny Fanny,1936
"Benton Harbor, MI",42.1167065,-86.4541894,Funny Fanny,1937
"Zanesville, OH",39.9403453,-82.0131924,Funny Fanny,1938
"Minneapolis, MN",44.9772995,-93.2654692,Funny Fanny,1938
"Miami, FL",25.7741728,-80.19362,Gabby Lee,1933
"Chicago, IL",41.8755616,-87.6244212,Gale Page,1939
"Benton Harbor, MI",42.1167065,-86.4541894,Garbo,1936
"Baltimore, MD",39.2908816,-76.610759,Garrison,1931
"Baltimore, MD",39.2908816,-76.610759,Garry Teasdale,1935
"Albany, NY",42.6511674,-73.754968,Garry Teasdale,1935
"Buffalo, NY",42.8867166,-78.8783922,Garry Teasdale,1935
"Lansing, MI",42.7337712,-84.5553805,Gay Byerd,1936
"New York, NY",40.7127281,-74.0060152,Geane Ray,1939
"Syracuse, NY",43.0481221,-76.1474244,Gene Baye,1935
"New York, NY",40.7127281,-74.0060152,Gene Casali,1934
"Syracuse, NY",43.0481221,-76.1474244,Gene Casali,1935
"Nassau, NY",42.5159145,-73.6101159,Gene Casali,1935
"New York, NY",40.7127281,-74.0060152,Gene Casali,1935
"Pittsburgh, PA",40.4416941,-79.9900861,Gene Casali,1936
"Miami, FL",25.7741728,-80.19362,Gene Dana,1933
"Milwaukee, WI",43.0349931,-87.922497,Gene Dana,1933
"Miami, FL",25.7741728,-80.19362,Gene Dana,1934
"Chicago, IL",41.8755616,-87.6244212,Gene Dana,1934
"Kansas City, MO",39.100105,-94.5781416,Gene Dana,1935
"Cleveland, OH",41.5051613,-81.6934446,Gene Dana,1935
"San Antonio, TX",29.4246002,-98.4951405,Gene Dana,1935
"Chicago, IL",41.8755616,-87.6244212,Gene Dana,1935
"Miami, FL",25.7741728,-80.19362,Gene Dana,1935
"Cleveland, OH",41.5051613,-81.6934446,Gene Dana,1936
"San Antonio, TX",29.4246002,-98.4951405,Gene Dana,1936
"Chicago, IL",41.8755616,-87.6244212,Gene Dana,1936
"Miami, FL",25.7741728,-80.19362,Gene Dana,1936
"Jacksonville, FL",30.3321838,-81.655651,Gene Dana,1936
"Houston, TX",29.7589382,-95.3676974,Gene Dana,1937
"Reno, NV",39.5261206,-119.8126581,Gene Dana,1937
"Shreveport, LA",32.5221828,-93.7651944,Gene Dana,1937
"Hartford, CT",41.7655582,-72.69061276146614,Gene Dana,1937
"Miami, FL",25.7741728,-80.19362,Gene Dana,1938
"Miami, FL",25.7741728,-80.19362,Gene Dana,1939
"Detroit, MI",42.3315509,-83.0466403,Gene Dana,1940
"Syracuse, NY",43.0481221,-76.1474244,Gene Darling,1935
"Columbus, OH",39.9622601,-83.0007065,Gene Ford,1936
"St. Louis, MO",38.6529545,-90.24111656024635,Gene Ford,1938
"Kansas City, MO",39.100105,-94.5781416,Gene Gordon,1936
"Chicago, IL",41.8755616,-87.6244212,Gene Gordon,1936
"Cleveland, OH",41.5051613,-81.6934446,Gene Pearson,1932
"New York, NY",40.7127281,-74.0060152,Gene Pearson,1932
"New York, NY",40.7127281,-74.0060152,Gene Renee,1934
"Kansas City, MO",39.100105,-94.5781416,Gene Renee,1935
"New York, NY",40.7127281,-74.0060152,Gene Renee,1935
"Pittsburgh, PA",40.4416941,-79.9900861,Gene Renee,1936
"Hartford, CT",41.7655582,-72.69061276146614,Gene Renee,1938
"Massillon, OH",40.7965119,-81.5231597,George Hayes,1936
"Akron, OH",41.083064,-81.518485,George Hayes,1936
"Sandusky, OH",41.4561002,-82.7115813,George Hayes,1937
"Albany, NY",42.6511674,-73.754968,George Kelly,1935
"Saratoga Springs, NY",43.0821793,-73.7853915,George Kelly,1935
"Albany, NY",42.6511674,-73.754968,George Kelly,1939
"Miami, FL",25.7741728,-80.19362,George Kelly,1939
"Saratoga Springs, NY",43.0821793,-73.7853915,George Kelly,1939
"Albany, NY",42.6511674,-73.754968,George Kelly,1940
"Miami, FL",25.7741728,-80.19362,George Kelly,1940
"Cincinnati, OH",39.1014537,-84.5124602,George McDowell,1934
"Chicago, IL",41.8755616,-87.6244212,George McDowell,1934
"Chicago, IL",41.8755616,-87.6244212,George Oliver,1933
"Chicago, IL",41.8755616,-87.6244212,George Oliver,1934
"New York, NY",40.7127281,-74.0060152,George Parker,1939
"New York, NY",40.7127281,-74.0060152,Georgie Burns,1938
"Cleveland, OH",41.5051613,-81.6934446,Georgie Kaye,1935
"Miami, FL",25.7741728,-80.19362,Georgie Kaye,1935
"San Antonio, TX",29.4246002,-98.4951405,Georgie Kaye,1936
"Albany, NY",42.6511674,-73.754968,Gerald Francis,1934
"Philadelphia, PA",39.9527237,-75.1635262,Giggles Craig,1937
"Centralia, IL",38.5250491,-89.1334037,Gilda Gray,1939
"Corpus Christi, TX",27.7477253,-97.4014129,Gita Gilmore,1936
"Massillon, OH",40.7965119,-81.5231597,Gita Gilmore,1937
"Akron, OH",41.083064,-81.518485,Gita Gilmore,1937
"Rock Island, IL",41.4411786,-90.5766144,Gita Gilmore,1938
"Detroit, MI",42.3315509,-83.0466403,Gita Gilmore,1940
"Albany, NY",42.6511674,-73.754968,Gorda Davies,1939
"Albany, NY",42.6511674,-73.754968,Gorda Davies,1940
"New York, NY",40.7127281,-74.0060152,Gus Dreyfus,1938
"Kansas City, MO",39.100105,-94.5781416,Gypsy Dolan,1935
"Kansas City, MO",39.100105,-94.5781416,Gypsy Dolan,1936
"Chicago, IL",41.8755616,-87.6244212,Gypsy Dolan,1936
"Chicago, IL",41.8755616,-87.6244212,Half-Pint Jaxon,1934
"Milwaukee, WI",43.0349931,-87.922497,Harild Ishem,1935
"New York, NY",40.7127281,-74.0060152,Harry Bernie,1936
"Kansas City, MO",39.100105,-94.5781416,Harry E. Brewster,1935
"Cincinnati, OH",39.1014537,-84.5124602,Harry Fink,1934
"St. Louis, MO",38.6529545,-90.24111656024635,Harry Fink,1938
"Miami, FL",25.7741728,-80.19362,Harry Kelly,1934
"New York, NY",40.7127281,-74.0060152,Harry Pepper,1935
"Albany, NY",42.6511674,-73.754968,Harvey Lee,1935
"Saratoga Springs, NY",43.0821793,-73.7853915,Harvey Lee,1935
"San Antonio, TX",29.4246002,-98.4951405,Harvey Lee,1936
"Cleveland, OH",41.5051613,-81.6934446,Harvey Lee,1936
"New York, NY",40.7127281,-74.0060152,Harvey Lee,1936
"Pittsburgh, PA",40.4416941,-79.9900861,Helen Humes,1937
"Akron, OH",41.083064,-81.518485,Helen Mack,1937
"Massillon, OH",40.7965119,-81.5231597,Helen Tustin,1936
"Akron, OH",41.083064,-81.518485,Helen Tustin,1936
"New York, NY",40.7127281,-74.0060152,Henri St. Charles,1935
"Chicago, IL",41.8755616,-87.6244212,Herman Ferdinand,1938
"Baltimore, MD",39.2908816,-76.610759,Hot-Cha Hinton,1936
"Colorado Springs, CO",38.8339578,-104.8253485,Hot-Cha Hinton,1939
"Hartford, CT",41.7655582,-72.69061276146614,Howard Parsons,1938
"Lansing, MI",42.7337712,-84.5553805,Ina Gaskill,1936
"Sandusky, OH",41.4561002,-82.7115813,Irvin Mazzie,1937
"Richmond, IN",33.715307,-117.7629546,Irvin Mazzie,1937
"Albany, NY",42.6511674,-73.754968,J. John Howard,1934
"New York, NY",40.7127281,-74.0060152,J. â€”,1939
"New York, NY",40.7127281,-74.0060152,Jabby Caruso,1934
"New York, NY",40.7127281,-74.0060152,Jabby Caruso,1935
"New York, NY",40.7127281,-74.0060152,Jack Caruso,1935
"Detroit, MI",42.3315509,-83.0466403,Jack Craig,1940
"Miami, FL",25.7741728,-80.19362,Jack Hughes,1933
"Zanesville, OH",39.9403453,-82.0131924,Jack Leystan,1938
"New York, NY",40.7127281,-74.0060152,Jack Mason,1930
"New York, NY",40.7127281,-74.0060152,Jack Mason,1933
"Paterson, NJ",40.9167654,-74.171811,Jack Mason,1934
"Glens Falls, NY",43.309941,-73.644447,Jack Mason,1934
"Albany, NY",42.6511674,-73.754968,Jack Mason,1934
"New York, NY",40.7127281,-74.0060152,Jack Mason,1934
"Baltimore, MD",39.2908816,-76.610759,Jack Mason,1935
"Albany, NY",42.6511674,-73.754968,Jack Mason,1935
"New York, NY",40.7127281,-74.0060152,Jack Mason,1935
"Saratoga Springs, NY",43.0821793,-73.7853915,Jack Mason,1935
"New York, NY",40.7127281,-74.0060152,Jack Mason,1936
"New York, NY",40.7127281,-74.0060152,Jack Mason,1938
"New York, NY",40.7127281,-74.0060152,Jack Polle,1934
"Atlantic City, NJ",39.3642852,-74.4229351,Jackie Adams,1933
"New York, NY",40.7127281,-74.0060152,Jackie Adams,1934
"Baltimore, MD",39.2908816,-76.610759,Jackie Adams,1935
"New York, NY",40.7127281,-74.0060152,Jackie Adams,1935
"Albany, NY",42.6511674,-73.754968,Jackie Adams,1935
"Buffalo, NY",42.8867166,-78.8783922,Jackie Adams,1935
"Baltimore, MD",39.2908816,-76.610759,Jackie Adams,1936
"Kansas City, MO",39.100105,-94.5781416,Jackie Adams,1937
"Nassau, NY",42.5159145,-73.6101159,Jackie Adams,1937
"Indianapolis, IN",39.7683331,-86.1583502,Jackie Adams,1937
"Minneapolis, MN",44.9772995,-93.2654692,Jackie Dayton,1938
"Oklahoma City, OK",35.4729886,-97.5170536,Jackie Dayton,1938
"New York, NY",40.7127281,-74.0060152,Jackie Giggles,1934
"Albany, NY",42.6511674,-73.754968,Jackie Giggles,1935
"New York, NY",40.7127281,-74.0060152,Jackie Giggles,1935
"Asbury Park, NJ",40.2203907,-74.0120817,Jackie Giggles,1935
"Columbus, OH",39.9622601,-83.0007065,Jackie Giggles,1937
"Benton Harbor, MI",42.1167065,-86.4541894,Jackie Lane,1934
"Olean, NY",42.0774779,-78.4298613,Jackie Lane,1935
"New York, NY",40.7127281,-74.0060152,Jackie Lane,1935
"Jamestown, NY",42.0970023,-79.2353259,Jackie Lane,1935
"Syracuse, NY",43.0481221,-76.1474244,Jackie Lane,1935
"Binghamton, NY",42.096968,-75.914341,Jackie Lane,1935
"Scranton, PA",41.4086874,-75.6621294,Jackie Lane,1935
"Lansing, MI",42.7337712,-84.5553805,Jackie Lane,1936
"Benton Harbor, MI",42.1167065,-86.4541894,Jackie Lane,1936
"Sandusky, OH",41.4561002,-82.7115813,Jackie Lane,1937
"Richmond, IN",33.715307,-117.7629546,Jackie Lane,1937
"Benton Harbor, MI",42.1167065,-86.4541894,Jackie Lane,1937
"Benton Harbor, MI",42.1167065,-86.4541894,Jackie Lane,1938
"New York, NY",40.7127281,-74.0060152,Jackie Law,1933
"New York, NY",40.7127281,-74.0060152,Jackie Lee,1933
"Hartford, CT",41.7655582,-72.69061276146614,Jackie Lee,1938
"San Francisco, CA",37.7790262,-122.4199061,Jackie Lopez,1938
"San Francisco, CA",37.7790262,-122.4199061,Jackie Lopez,1939
"New York, NY",40.7127281,-74.0060152,Jackie Lorraine,1934
"Albany, NY",42.6511674,-73.754968,Jackie Lorraine,1935
"Syracuse, NY",43.0481221,-76.1474244,Jackie Lynch,1935
"New York, NY",40.7127281,-74.0060152,Jackie Maye,1930
"New York, NY",40.7127281,-74.0060152,Jackie Maye,1931
"Los Angeles, CA",34.0536909,-118.242766,Jackie Maye,1932
"New York, NY",40.7127281,-74.0060152,Jackie Maye,1932
"Miami, FL",25.7741728,-80.19362,Jackie Maye,1933
"New York, NY",40.7127281,-74.0060152,Jackie Maye,1933
"Miami, FL",25.7741728,-80.19362,Jackie Maye,1934
"New York, NY",40.7127281,-74.0060152,Jackie Maye,1934
"Baltimore, MD",39.2908816,-76.610759,Jackie Maye,1935
"New York, NY",40.7127281,-74.0060152,Jackie Maye,1935
"Cleveland, OH",41.5051613,-81.6934446,Jackie Maye,1936
"Boston, MA",42.3602534,-71.0582912,Jackie Maye,1936
"Kansas City, MO",39.100105,-94.5781416,Jackie Maye,1937
"Philadelphia, PA",39.9527237,-75.1635262,Jackie Maye,1937
"San Antonio, TX",29.4246002,-98.4951405,Jackie Maye,1937
"New York, NY",40.7127281,-74.0060152,Jackie Maye,1937
"Miami, FL",25.7741728,-80.19362,Jackie Maye,1937
"Miami, FL",25.7741728,-80.19362,Jackie Maye,1939
"San Francisco, CA",37.7790262,-122.4199061,Jackie Maye,1940
"Sandusky, OH",41.4561002,-82.7115813,Jackie Starr,1937
"Rock Island, IL",41.4411786,-90.5766144,Jackie Starr,1938
"Minneapolis, MN",44.9772995,-93.2654692,Jackie Starr,1939
"Cleveland, OH",41.5051613,-81.6934446,Jackie Starr,1939
"Detroit, MI",42.3315509,-83.0466403,Jackie Starr,1940
"Hazleton, PA",40.9646867,-75.9852789,Jackie Thomas,1935
"Asbury Park, NJ",40.2203907,-74.0120817,Jackie Thomas,1935
"New York, NY",40.7127281,-74.0060152,Jackie Thomas,1935
"Binghamton, NY",42.096968,-75.914341,Jacquette La Marr,1934
"New York, NY",40.7127281,-74.0060152,Jacquette La Marr,1935
"Jamestown, NY",42.0970023,-79.2353259,Jacquette La Marr,1935
"Syracuse, NY",43.0481221,-76.1474244,Jacquette La Marr,1935
"Binghamton, NY",42.096968,-75.914341,Jacquette La Marr,1935
"Warren, PA",41.843949,-79.145045,Jacquette La Marr,1935
"Scranton, PA",41.4086874,-75.6621294,Jacquette La Marr,1935
"Lansing, MI",42.7337712,-84.5553805,Jacquette La Marr,1936
"Lima, OH",40.7399785,-84.105006,Jacquette La Marr,1936
"Benton Harbor, MI",42.1167065,-86.4541894,Jacquette La Marr,1936
"Benton Harbor, MI",42.1167065,-86.4541894,Jacquette La Marr,1937
"Wappingers Falls, NY",41.5965635,-73.9112103,James Casalino,1935
"Albany, NY",42.6511674,-73.754968,James Costa,1934
"Wappingers Falls, NY",41.5965635,-73.9112103,James E. Myers,1935
"Albany, NY",42.6511674,-73.754968,James Lyons,1934
"Baltimore, MD",39.2908816,-76.610759,James Riley,1930
"New York, NY",40.7127281,-74.0060152,Jarahal,1930
"New York, NY",40.7127281,-74.0060152,Jarahal,1934
"New York, NY",40.7127281,-74.0060152,Jarahal,1935
"New York, NY",40.7127281,-74.0060152,Jay Albert,1938
"Minneapolis, MN",44.9772995,-93.2654692,Jean Arnold,1938
"Detroit, MI",42.3315509,-83.0466403,Jean Arnold,1940
"Harrisburg, PA",40.2663107,-76.8861122,Jean Cook,1935
"Benton Harbor, MI",42.1167065,-86.4541894,Jean Darling,1934
"Hazleton, PA",40.9646867,-75.9852789,Jean Darling,1935
"Lansing, MI",42.7337712,-84.5553805,Jean Darling,1936
"Richmond, IN",33.715307,-117.7629546,Jean Darling,1937
"Benton Harbor, MI",42.1167065,-86.4541894,Jean Darling,1937
"Syracuse, NY",43.0481221,-76.1474244,Jean Farrelly,1935
"Albany, NY",42.6511674,-73.754968,Jean Farrelly,1935
"Saratoga Springs, NY",43.0821793,-73.7853915,Jean Farrelly,1935
"Albany, NY",42.6511674,-73.754968,Jean Jennings,1940
"New York, NY",40.7127281,-74.0060152,Jean La Monte,1935
"Jamestown, NY",42.0970023,-79.2353259,Jean La Monte,1935
"Syracuse, NY",43.0481221,-76.1474244,Jean La Monte,1935
"Warren, PA",41.843949,-79.145045,Jean La Monte,1935
"Pittsburgh, PA",40.4416941,-79.9900861,Jean La Monte,1935
"Detroit, MI",42.3315509,-83.0466403,Jean La Monte,1937
"Miami, FL",25.7741728,-80.19362,Jean La Monte,1939
"Detroit, MI",42.3315509,-83.0466403,Jean La Monte,1940
"Buffalo, NY",42.8867166,-78.8783922,Jean La Rae,1933
"Pottsville, PA",40.6851324,-76.1953701,Jean La Rae,1933
"Wilkes-Barre, PA",41.2464824,-75.8817316,Jean La Rae,1937
"Philadelphia, PA",39.9527237,-75.1635262,Jean La Rae,1937
"Chicago, IL",41.8755616,-87.6244212,Jean La Rue,1937
"Chicago, IL",41.8755616,-87.6244212,Jean La Rue,1938
"Chicago, IL",41.8755616,-87.6244212,Jean LaMarr,1934
"New York, NY",40.7127281,-74.0060152,Jean LaMarr,1938
"New York, NY",40.7127281,-74.0060152,Jean Lures,1934
"New York, NY",40.7127281,-74.0060152,Jean Malin,1930
"New York, NY",40.7127281,-74.0060152,Jean Malin,1931
"Los Angeles, CA",34.0536909,-118.242766,Jean Malin,1932
"New York, NY",40.7127281,-74.0060152,Jean Malin,1932
"Los Angeles, CA",34.0536909,-118.242766,Jean Malin,1933
"New York, NY",40.7127281,-74.0060152,Jean Malin,1933
"Syracuse, NY",43.0481221,-76.1474244,Jean Marlow,1935
"New York, NY",40.7127281,-74.0060152,Jean Osborne,1934
"New York, NY",40.7127281,-74.0060152,Jean Osborne,1936
"Philadelphia, PA",39.9527237,-75.1635262,Jean Osborne,1937
"Los Angeles, CA",34.0536909,-118.242766,Jean Russell,1933
"San Francisco, CA",37.7790262,-122.4199061,Jean Russell,1933
"Miami, FL",25.7741728,-80.19362,Jean Russell,1933
"Milwaukee, WI",43.0349931,-87.922497,Jean Russell,1933
"Hollywood, FL",26.0112014,-80.1494901,Jean Russell,1934
"Miami, FL",25.7741728,-80.19362,Jean Russell,1934
"Hollywood, FL",26.0112014,-80.1494901,Jean Russell,1936
"Miami, FL",25.7741728,-80.19362,Jean Russell,1936
"Detroit, MI",42.3315509,-83.0466403,Jean Russell,1940
"Miami, FL",25.7741728,-80.19362,Jean Taylor,1935
"Chicago, IL",41.8755616,-87.6244212,Jean Taylor,1935
"Baltimore, MD",39.2908816,-76.610759,Jean Val Jean,1938
"St. Louis, MO",38.6529545,-90.24111656024635,Jean Val Jean,1938
"Cleveland, OH",41.5051613,-81.6934446,Jene Cortez,1936
"Syracuse, NY",43.0481221,-76.1474244,Jerry Clayton,1935
"Nassau, NY",42.5159145,-73.6101159,Jerry Clayton,1935
"New York, NY",40.7127281,-74.0060152,Jerry Clayton,1935
"Cleveland, OH",41.5051613,-81.6934446,Jerry Clayton,1936
"San Francisco, CA",37.7790262,-122.4199061,Jerry Clayton,1938
"San Francisco, CA",37.7790262,-122.4199061,Jerry Clayton,1939
"San Francisco, CA",37.7790262,-122.4199061,Jerry Clayton,1940
"Baltimore, MD",39.2908816,-76.610759,Jerry Faye,1936
"Youngstown, OH",41.1035786,-80.6520161,Jerry Faye,1936
"Columbus, OH",39.9622601,-83.0007065,Jerry Faye,1937
"Syracuse, NY",43.0481221,-76.1474244,Jerry Francis,1935
"Atlantic City, NJ",39.3642852,-74.4229351,Jerry Francis,1935
"New York, NY",40.7127281,-74.0060152,Jerry Francis,1935
"Pittsburgh, PA",40.4416941,-79.9900861,Jerry Girard,1937
"Warren, PA",41.843949,-79.145045,Jerry Nelson,1935
"Jamestown, NY",42.0970023,-79.2353259,Jerry Nelson,1935
"Nassau, NY",42.5159145,-73.6101159,Jerry Podinsky,1935
"New York, NY",40.7127281,-74.0060152,Jerry Podinsky,1935
"Baltimore, MD",39.2908816,-76.610759,Jerry Trevor,1935
"Detroit, MI",42.3315509,-83.0466403,Jerry Vaughn,1940
"Youngstown, OH",41.1035786,-80.6520161,Jessie Lee,1936
"Miami, FL",25.7741728,-80.19362,Jessie Rogers,1938
"Chicago, IL",41.8755616,-87.6244212,Jimmie Gleen,1938
"Albany, NY",42.6511674,-73.754968,Jimmie Sheri,1935
"New York, NY",40.7127281,-74.0060152,Jimmie Sheri,1936
"Chicago, IL",41.8755616,-87.6244212,Jimmy Carrigan,1933
"Baltimore, MD",39.2908816,-76.610759,Jimmy Travis,1938
"New Orleans, LA",29.9499323,-90.0701156,Jimmy Travis,1938
"Miami, FL",25.7741728,-80.19362,Jo-Jo,1934
"Miami, FL",25.7741728,-80.19362,Joan Rogers,1939
"Miami, FL",25.7741728,-80.19362,Joann O'Brien,1939
"Pittsburgh, PA",40.4416941,-79.9900861,Joanne Crawford,1936
"Chicago, IL",41.8755616,-87.6244212,Joanne Crawford,1937
"Chicago, IL",41.8755616,-87.6244212,Joanne Crawford,1938
"Chicago, IL",41.8755616,-87.6244212,Joanne Crawford,1939
"Asbury Park, NJ",40.2203907,-74.0120817,Joe Canary,1934
"New York, NY",40.7127281,-74.0060152,Joe Cook,1935
"Chicago, IL",41.8755616,-87.6244212,Joe Hart,1938
"New York, NY",40.7127281,-74.0060152,Joe Johnson,1938
"New York, NY",40.7127281,-74.0060152,Joe Johnson,1939
"New York, NY",40.7127281,-74.0060152,Joe Lewis,1931
"San Francisco, CA",37.7790262,-122.4199061,Joe Renard,1940
"Chicago, IL",41.8755616,-87.6244212,Joe Robinson,1936
"New York, NY",40.7127281,-74.0060152,John D. May,1935
"New York, NY",40.7127281,-74.0060152,John Koss,1934
"Detroit, MI",42.3315509,-83.0466403,John Lonas,1937
"Youngstown, OH",41.1035786,-80.6520161,John Lonas,1937
"Pinedale, WY",42.8687119,-109.8710028084494,John Lonas,1940
"Detroit, MI",42.3315509,-83.0466403,John Lonas,1940
"Miami, FL",25.7741728,-80.19362,Johnnie Langstone,1939
"Cincinnati, OH",39.1014537,-84.5124602,Johnny Blease,1934
"Los Angeles, CA",34.0536909,-118.242766,Johnny David,1935
"San Antonio, TX",29.4246002,-98.4951405,Johnny David,1936
"San Francisco, CA",37.7790262,-122.4199061,Johnny David,1937
"Philadelphia, PA",39.9527237,-75.1635262,Johnny Hudgins,1932
"Utica, NY",43.1009031,-75.2326641,Johnny Kaye,1934
"Albany, NY",42.6511674,-73.754968,Johnny Kaye,1934
"Buffalo, NY",42.8867166,-78.8783922,Johnny Kaye,1934
"Atlantic City, NJ",39.3642852,-74.4229351,Johnny Kaye,1934
"Buffalo, NY",42.8867166,-78.8783922,Johnny Kaye,1935
"Hazleton, PA",40.9646867,-75.9852789,Johnny Kaye,1935
"Nassau, NY",42.5159145,-73.6101159,Johnny Kaye,1935
"New York, NY",40.7127281,-74.0060152,Johnny Kaye,1935
"Syracuse, NY",43.0481221,-76.1474244,Johnny Kaye,1935
"Albany, NY",42.6511674,-73.754968,Johnny Kaye,1935
"Lowville, NY",43.786711,-75.49221,Johnny Kaye,1935
"Atlantic City, NJ",39.3642852,-74.4229351,Johnny Kaye,1935
"Massillon, OH",40.7965119,-81.5231597,Johnny Kaye,1936
"East Liverpool, OH",40.6186756,-80.5772928,Johnny Kaye,1936
"Los Angeles, CA",34.0536909,-118.242766,Johnny Kaye,1936
"Pittsburgh, PA",40.4416941,-79.9900861,Johnny Kaye,1936
"Seattle, WA",47.6038321,-122.3300624,Johnny Kaye,1937
"Kansas City, MO",39.100105,-94.5781416,Johnny Kaye,1937
Washington DC,38.8950368,-77.0365427,Johnny Kaye,1937
"East Liverpool, OH",40.6186756,-80.5772928,Johnny Kaye,1937
"Reno, NV",39.5261206,-119.8126581,Johnny Kaye,1937
"Houston, TX",29.7589382,-95.3676974,Johnny Kaye,1938
"San Antonio, TX",29.4246002,-98.4951405,Johnny Kaye,1938
"Miami, FL",25.7741728,-80.19362,Johnny Mangum,1933
"Chicago, IL",41.8755616,-87.6244212,Johnny Mangum,1933
"Sheboygan, WI",43.7508284,-87.71453,Johnny Mangum,1934
"Albany, NY",42.6511674,-73.754968,Johnny Mangum,1934
"Chicago, IL",41.8755616,-87.6244212,Johnny Mangum,1934
"Los Angeles, CA",34.0536909,-118.242766,Johnny Mangum,1935
"Cleveland, OH",41.5051613,-81.6934446,Johnny Mangum,1935
"Baltimore, MD",39.2908816,-76.610759,Johnny Mangum,1935
"New York, NY",40.7127281,-74.0060152,Johnny Mangum,1935
"Saratoga Springs, NY",43.0821793,-73.7853915,Johnny Mangum,1935
"Kansas City, MO",39.100105,-94.5781416,Johnny Mangum,1937
"Miami, FL",25.7741728,-80.19362,Johnny Mangum,1937
"San Francisco, CA",37.7790262,-122.4199061,Johnny Mangum,1938
"San Francisco, CA",37.7790262,-122.4199061,Johnny Mangum,1939
"Miami, FL",25.7741728,-80.19362,Johnny Mangum,1939
"Miami, FL",25.7741728,-80.19362,Johnny Mangum,1940
"Detroit, MI",42.3315509,-83.0466403,Johnny Mangum,1940
"Detroit, MI",42.3315509,-83.0466403,Jose Del Rio,1940
"New York, NY",40.7127281,-74.0060152,Joseph Bart,1931
"New York, NY",40.7127281,-74.0060152,JosÃ© Ayala,1934
"Dayton, OH",39.7589478,-84.1916069,Jud King,1936
"Cleveland, OH",41.5051613,-81.6934446,Julia Stevens,1936
"New York, NY",40.7127281,-74.0060152,Julian Eltinge,1931
"New York, NY",40.7127281,-74.0060152,Julian Eltinge,1940
"Albany, NY",42.6511674,-73.754968,June Beal,1940
"Los Angeles, CA",34.0536909,-118.242766,Karlon Owens,1935
"New York, NY",40.7127281,-74.0060152,Karyl Norman,1930
"New York, NY",40.7127281,-74.0060152,Karyl Norman,1931
"Los Angeles, CA",34.0536909,-118.242766,Karyl Norman,1932
"Chicago, IL",41.8755616,-87.6244212,Karyl Norman,1932
"Los Angeles, CA",34.0536909,-118.242766,Karyl Norman,1933
"New York, NY",40.7127281,-74.0060152,Karyl Norman,1934
"Chicago, IL",41.8755616,-87.6244212,Karyl Norman,1934
"Cincinnati, OH",39.1014537,-84.5124602,Karyl Norman,1935
"New York, NY",40.7127281,-74.0060152,Karyl Norman,1935
"Lincoln, NE",40.8088861,-96.7077751,Karyl Norman,1936
"Boston, MA",42.3602534,-71.0582912,Karyl Norman,1936
"New York, NY",40.7127281,-74.0060152,Karyl Norman,1937
"Cleveland, OH",41.5051613,-81.6934446,Karyl Norman,1939
"Detroit, MI",42.3315509,-83.0466403,Karyl Norman,1940
"New York, NY",40.7127281,-74.0060152,Keane Waters,1931
"Massillon, OH",40.7965119,-81.5231597,Kenn King,1936
"East Liverpool, OH",40.6186756,-80.5772928,Kenn King,1936
"Los Angeles, CA",34.0536909,-118.242766,Kenn King,1936
"Sandusky, OH",41.4561002,-82.7115813,"Kit (""Titanic"") Russell",1937
Washington DC,38.8950368,-77.0365427,Kitty May,1933
"Corpus Christi, TX",27.7477253,-97.4014129,Kitty May,1936
"New York, NY",40.7127281,-74.0060152,La Belle Rose,1930
"New York, NY",40.7127281,-74.0060152,La Belle Rose,1932
"New York, NY",40.7127281,-74.0060152,La Belle Rose,1933
"Massillon, OH",40.7965119,-81.5231597,La Carmentita,1936
"Akron, OH",41.083064,-81.518485,La Carmentita,1936
"Chicago, IL",41.8755616,-87.6244212,Lady Doris,1936
"Springfield, IL",39.7990175,-89.6439575,Lanny Brice,1937
"Detroit, MI",42.3315509,-83.0466403,Lanny Brice,1937
"Jamestown, NY",42.0970023,-79.2353259,Lanny Brice,1937
"Sikeston, MO",36.876719,-89.5878579,Lanny Brice,1938
OH,40.2253569,-82.6881395,Lanny Brice,1938
"Jamestown, NY",42.0970023,-79.2353259,Larry Turner,1935
"Akron, OH",41.083064,-81.518485,Larry West,1936
"Lansing, MI",42.7337712,-84.5553805,Lee Carroll,1936
"Benton Harbor, MI",42.1167065,-86.4541894,Lee Carroll,1936
"Youngstown, OH",41.1035786,-80.6520161,Lee Carroll,1936
"Massillon, OH",40.7965119,-81.5231597,Lee Carroll,1937
"Akron, OH",41.083064,-81.518485,Lee Carroll,1937
"Massillon, OH",40.7965119,-81.5231597,Lee Carroll,1939
"Los Angeles, CA",34.0536909,-118.242766,Lee Mason,1932
"East Liverpool, OH",40.6186756,-80.5772928,Lee Moore,1937
"Chicago, IL",41.8755616,-87.6244212,Lena Rivers,1933
"Kansas City, MO",39.100105,-94.5781416,Lena Rivers,1935
"San Antonio, TX",29.4246002,-98.4951405,Lena Rivers,1936
"Kansas City, MO",39.100105,-94.5781416,Lena Rivers,1936
"Youngstown, OH",41.1035786,-80.6520161,Lena Rivers,1936
"Columbus, OH",39.9622601,-83.0007065,Lena Rivers,1937
"Philadelphia, PA",39.9527237,-75.1635262,Lena Rivers,1937
"Kansas City, MO",39.100105,-94.5781416,Lena Rivers,1937
"Kansas City, MO",39.100105,-94.5781416,Lena Rivers,1938
"Milwaukee, WI",43.0349931,-87.922497,Leon Fredericks,1933
"Cincinnati, OH",39.1014537,-84.5124602,Leon Fredericks,1934
"Chicago, IL",41.8755616,-87.6244212,Leon Fredericks,1934
"Kansas City, MO",39.100105,-94.5781416,Leon Fredericks,1937
"San Francisco, CA",37.7790262,-122.4199061,Leon Fredrick,1936
"New York, NY",40.7127281,-74.0060152,Leon LaVerde,1931
"Chicago, IL",41.8755616,-87.6244212,Leon LaVerde,1932
"Chicago, IL",41.8755616,-87.6244212,Leon LaVerde,1933
"New York, NY",40.7127281,-74.0060152,Leon LaVerde,1934
"Chicago, IL",41.8755616,-87.6244212,Leon LaVerde,1934
"Cleveland, OH",41.5051613,-81.6934446,Leon LaVerde,1935
"Miami, FL",25.7741728,-80.19362,Leon LaVerde,1935
"Havana, Cuba",23.135305,-82.3589631,Leon LaVerde,1935
"Cleveland, OH",41.5051613,-81.6934446,Leon LaVerde,1936
"San Francisco, CA",37.7790262,-122.4199061,Leon LaVerde,1938
"Cleveland, OH",41.5051613,-81.6934446,Leon LaVerde,1938
"San Francisco, CA",37.7790262,-122.4199061,Leon LaVerde,1939
"New York, NY",40.7127281,-74.0060152,Leon Mirabeau,1931
"Massillon, OH",40.7965119,-81.5231597,Leonard Jans,1936
"East Liverpool, OH",40.6186756,-80.5772928,Leonard Jans,1936
"Los Angeles, CA",34.0536909,-118.242766,Leonard Jans,1936
"Pittsburgh, PA",40.4416941,-79.9900861,Leonard Jans,1936
"Los Angeles, CA",34.0536909,-118.242766,Leonard Soules,1933
"San Francisco, CA",37.7790262,-122.4199061,Leonard Soules,1933
"New York, NY",40.7127281,-74.0060152,Lester Lamont,1930
"New York, NY",40.7127281,-74.0060152,Lester Lamont,1931
"New York, NY",40.7127281,-74.0060152,Lester Lamont,1933
"Pottstown, PA",40.2452976,-75.6496424,Lester Lamont,1935
"New York, NY",40.7127281,-74.0060152,Lester Lamont,1936
"Chicago, IL",41.8755616,-87.6244212,Li Kar,1933
"Cleveland, OH",41.5051613,-81.6934446,Li Kar,1935
"Miami, FL",25.7741728,-80.19362,Li Kar,1935
"Chicago, IL",41.8755616,-87.6244212,Li Kar,1935
"Cleveland, OH",41.5051613,-81.6934446,Li Kar,1936
"Columbus, OH",39.9622601,-83.0007065,Li Kar,1937
"San Francisco, CA",37.7790262,-122.4199061,Li Kar,1938
"San Francisco, CA",37.7790262,-122.4199061,Li Kar,1940
"Los Angeles, CA",34.0536909,-118.242766,Linden,1932
"Pittsburgh, PA",40.4416941,-79.9900861,Lloyd Woods,1936
"Pittsburgh, PA",40.4416941,-79.9900861,Lloyd Woods,1937
"Philadelphia, PA",39.9527237,-75.1635262,Lloyd Woods,1937
"New York, NY",40.7127281,-74.0060152,Lou Lorraine,1938
Washington DC,38.8950368,-77.0365427,Louis Diggs,1937
Washington DC,38.8950368,-77.0365427,Louis Diggs,1938
"New York, NY",40.7127281,-74.0060152,Louis Diggs,1939
"New York, NY",40.7127281,-74.0060152,Louis Edelstein,1931
"Los Angeles, CA",34.0536909,-118.242766,Loyce Trent,1932
"New York, NY",40.7127281,-74.0060152,Lucian,1934
"Rochester, NY",43.157285,-77.615214,Lucian,1935
"New York, NY",40.7127281,-74.0060152,Lucian,1935
"Miami, FL",25.7741728,-80.19362,Lucian,1939
"Philadelphia, PA",39.9527237,-75.1635262,Lucian,1940
"Chicago, IL",41.8755616,-87.6244212,Luzetta Hall,1934
"New York, NY",40.7127281,-74.0060152,Lyle Mack,1934
"Albany, NY",42.6511674,-73.754968,Lyle Mack,1935
"Miami, FL",25.7741728,-80.19362,Lyle Mack,1935
"Chicago, IL",41.8755616,-87.6244212,Lyle Mack,1935
"Akron, OH",41.083064,-81.518485,Lyle Mack,1936
"Cleveland, OH",41.5051613,-81.6934446,Lyle Mack,1936
"Detroit, MI",42.3315509,-83.0466403,Lyle Mack,1936
"Akron, OH",41.083064,-81.518485,Lyle Mack,1937
"Detroit, MI",42.3315509,-83.0466403,Lyle Mack,1937
"Youngstown, OH",41.1035786,-80.6520161,Lyle Mack,1937
"Chicago, IL",41.8755616,-87.6244212,Lyle Page,1933
"Albany, NY",42.6511674,-73.754968,Lyle Page,1934
"Saranac Lake, NY",44.329497,-74.131279,Lyle Page,1935
"Wappingers Falls, NY",41.5965635,-73.9112103,Lyle Page,1935
"Paramus, NJ",40.9452911,-74.0735899,Lyle Page,1935
"New York, NY",40.7127281,-74.0060152,Lyle Page,1935
"Chicago, IL",41.8755616,-87.6244212,Lyle Page,1935
"Syracuse, NY",43.0481221,-76.1474244,Lyle Page,1935
"West New York, NJ",40.7856117,-74.0093129,Lyle Page,1936
"New York, NY",40.7127281,-74.0060152,Lyle Page,1936
"Peoria, IL",40.6938609,-89.5891008,Lyle Page,1937
"Asbury Park, NJ",40.2203907,-74.0120817,Lyle Page,1937
"Cincinnati, OH",39.1014537,-84.5124602,Lyle Page,1938
"Paducah, KY",37.0833893,-88.6000478,Lyle Page,1938
"Sikeston, MO",36.876719,-89.5878579,Lyle Page,1938
"Miami, FL",25.7741728,-80.19362,Lynn Castle,1935
"Miami, FL",25.7741728,-80.19362,Lynn? De Marco?,1939
"Miami, FL",25.7741728,-80.19362,Lynn? Johnson?,1939
"Miami, FL",25.7741728,-80.19362,Lynn? Johnson?,1940
"Baltimore, MD",39.2908816,-76.610759,Madam Dubarry,1935
"Pittsburgh, PA",40.4416941,-79.9900861,Manhattan Pearl,1935
"Detroit, MI",42.3315509,-83.0466403,Manhattan Pearl,1935
"Pittsburgh, PA",40.4416941,-79.9900861,Manhattan Pearl,1936
"New York, NY",40.7127281,-74.0060152,Manhattan Pearl,1937
"Albany, NY",42.6511674,-73.754968,Manuel DeMonte,1934
"Miami, FL",25.7741728,-80.19362,Margaret Cook,1935
"Chicago, IL",41.8755616,-87.6244212,Margaret Cook,1935
"Albany, NY",42.6511674,-73.754968,Marge Brown,1940
"Akron, OH",41.083064,-81.518485,Marion,1937
"Reno, NV",39.5261206,-119.8126581,Marjoram,1937
"Philadelphia, PA",39.9527237,-75.1635262,Martin Wynne,1937
"Miami, FL",25.7741728,-80.19362,Marty Deem,1933
"Lansing, MI",42.7337712,-84.5553805,Marvene Nelson,1936
"Akron, OH",41.083064,-81.518485,Mary Brennen,1937
"Akron, OH",41.083064,-81.518485,Marylin Thomas,1937
"Cincinnati, OH",39.1014537,-84.5124602,Matt Berger,1934
"Chicago, IL",41.8755616,-87.6244212,Matt Berger,1934
"New York, NY",40.7127281,-74.0060152,Max Bellow,1931
"New York, NY",40.7127281,-74.0060152,Max Lengel,1933
"New York, NY",40.7127281,-74.0060152,Max Lengel,1934
"Hazleton, PA",40.9646867,-75.9852789,Max Lengel,1935
"Reading, PA",40.335345,-75.9279495,Max Lengel,1935
"New York, NY",40.7127281,-74.0060152,Max Lengel,1935
"Pottstown, PA",40.2452976,-75.6496424,Max Lengel,1935
"Pottsville, PA",40.6851324,-76.1953701,Max Lengel,1935
"New York, NY",40.7127281,-74.0060152,Max Lengel,1938
"New York, NY",40.7127281,-74.0060152,Max Lengel,1939
"New Castle, PA",40.9999202,-80.3471856,May West of the East,1936
"Philadelphia, PA",39.9527237,-75.1635262,Melvin Evans,1937
"Harrisburg, PA",40.2663107,-76.8861122,Merry Pickford,1934
"Atlantic City, NJ",39.3642852,-74.4229351,Merry Pickford,1934
"Syracuse, NY",43.0481221,-76.1474244,Merry Pickford,1935
"New York, NY",40.7127281,-74.0060152,Merry Pickford,1935
"East Liverpool, OH",40.6186756,-80.5772928,Merry Pickford,1936
"Los Angeles, CA",34.0536909,-118.242766,Merry Pickford,1936
"Pittsburgh, PA",40.4416941,-79.9900861,Merry Pickford,1936
"Wilmington, DE",39.7459468,-75.546589,Merry Pickford,1936
"East Liverpool, OH",40.6186756,-80.5772928,Merry Pickford,1937
"Akron, OH",41.083064,-81.518485,Merry Pickford,1937
"New York, NY",40.7127281,-74.0060152,Mickey Dell,1934
"Hazleton, PA",40.9646867,-75.9852789,Mickey Dell,1935
"Baltimore, MD",39.2908816,-76.610759,Mickey Dell,1936
"Binghamton, NY",42.096968,-75.914341,Mickey Nelson,1934
"Benton Harbor, MI",42.1167065,-86.4541894,Mickey Nelson,1934
"Olean, NY",42.0774779,-78.4298613,Mickey Nelson,1935
"New York, NY",40.7127281,-74.0060152,Mickey Nelson,1935
"Jamestown, NY",42.0970023,-79.2353259,Mickey Nelson,1935
"Syracuse, NY",43.0481221,-76.1474244,Mickey Nelson,1935
"Binghamton, NY",42.096968,-75.914341,Mickey Nelson,1935
"Scranton, PA",41.4086874,-75.6621294,Mickey Nelson,1935
"Lansing, MI",42.7337712,-84.5553805,Mickey Nelson,1936
"Lima, OH",40.7399785,-84.105006,Mickey Nelson,1936
"Dayton, OH",39.7589478,-84.1916069,Mickey Nelson,1936
"Benton Harbor, MI",42.1167065,-86.4541894,Mickey Nelson,1937
"Lansing, MI",42.7337712,-84.5553805,Mickey Nelson,1938
"St. Louis, MO",38.6529545,-90.24111656024635,Mickey Standley,1938
"Paterson, NJ",40.9167654,-74.171811,Mickey Strauss,1934
"Newark, NJ",40.735657,-74.1723667,Mickey Strauss,1934
"New York, NY",40.7127281,-74.0060152,Mickey Strauss,1934
"Asbury Park, NJ",40.2203907,-74.0120817,Mildred Martin,1935
"Los Angeles, CA",34.0536909,-118.242766,Milton,1932
"Seattle, WA",47.6038321,-122.3300624,Milton LaMaire,1939
"New York, NY",40.7127281,-74.0060152,Miss Broadway Rose,1930
"Philadelphia, PA",39.9527237,-75.1635262,Mitzi ?,1940
"Pittsburgh, PA",40.4416941,-79.9900861,Mitzi Mantis,1940
"Lansing, MI",42.7337712,-84.5553805,Mona La Fountaine,1936
"Benton Harbor, MI",42.1167065,-86.4541894,Mona La Fountaine,1936
"Baltimore, MD",39.2908816,-76.610759,Mother/Sepia Marlene Smother/Dietrich,1934
"Baltimore, MD",39.2908816,-76.610759,Mother/Sepia Marlene Smother/Dietrich,1935
"New York, NY",40.7127281,-74.0060152,Mother/Sepia Marlene Smother/Dietrich,1936
"New York, NY",40.7127281,-74.0060152,Mother/Sepia Marlene Smother/Dietrich,1938
"New York, NY",40.7127281,-74.0060152,Murray Lenen,1934
"Miami, FL",25.7741728,-80.19362,Murray Swanson,1939
"Youngstown, OH",41.1035786,-80.6520161,Najean Loy,1936
"New York, NY",40.7127281,-74.0060152,Nancy Cauel,1939
"New York, NY",40.7127281,-74.0060152,Naomi Davis,1935
"Asbury Park, NJ",40.2203907,-74.0120817,Nazi Mova,1934
"Los Angeles, CA",34.0536909,-118.242766,Neil Dornay,1932
"Los Angeles, CA",34.0536909,-118.242766,Neil Dornay,1933
"San Francisco, CA",37.7790262,-122.4199061,Neil Dornay,1933
"Sheboygan, WI",43.7508284,-87.71453,Neil Dornay,1934
"Shreveport, LA",32.5221828,-93.7651944,Neil Dornay,1937
"New York, NY",40.7127281,-74.0060152,Nicki Gallucci,1934
"Baltimore, MD",39.2908816,-76.610759,Nicki Gallucci,1935
"New York, NY",40.7127281,-74.0060152,Nicki Gallucci,1936
"Philadelphia, PA",39.9527237,-75.1635262,Nicki Gallucci,1937
"Miami, FL",25.7741728,-80.19362,Nicki Gallucci,1939
"San Francisco, CA",37.7790262,-122.4199061,Nicki Gallucci,1940
"Miami, FL",25.7741728,-80.19362,Nicki Gallucci,1940
"Detroit, MI",42.3315509,-83.0466403,Nicki Gallucci,1940
"Cleveland, OH",41.5051613,-81.6934446,Niki Nash,1935
"New York, NY",40.7127281,-74.0060152,Niles Marsh,1931
"Los Angeles, CA",34.0536909,-118.242766,Niles Marsh,1932
"New York, NY",40.7127281,-74.0060152,Niles Marsh,1932
"Juarez, Mexico",32.4078425,-104.2332312,Niles Marsh,1935
"Phoenix, AZ",33.4484367,-112.0741417,Niles Marsh,1935
"Los Angeles, CA",34.0536909,-118.242766,Niles Marsh,1935
"Bakersfield, CA",35.3738712,-119.0194639,Niles Marsh,1937
"San Francisco, CA",37.7790262,-122.4199061,Niles Marsh,1939
"San Francisco, CA",37.7790262,-122.4199061,Niles Marsh,1940
"St. Louis, MO",38.6529545,-90.24111656024635,Nina Mae McKinney,1937
"Milwaukee, WI",43.0349931,-87.922497,Nina Mae McKinney,1937
"Chicago, IL",41.8755616,-87.6244212,Nina Mae McKinney,1937
"Pittsburgh, PA",40.4416941,-79.9900861,Nina Mae McKinney,1938
"Chicago, IL",41.8755616,-87.6244212,Nina Mae McKinney,1938
"Los Angeles, CA",34.0536909,-118.242766,Nina Rae,1932
"New York, NY",40.7127281,-74.0060152,Nine Collegians,1930
"New York, NY",40.7127281,-74.0060152,Nora Corona Hancock,1939
"Detroit, MI",42.3315509,-83.0466403,Norman Lewis,1937
"Youngstown, OH",41.1035786,-80.6520161,Norman Lewis,1937
"Miami, FL",25.7741728,-80.19362,Norman Lewis,1939
"Miami, FL",25.7741728,-80.19362,Norman Lewis,1940
"Detroit, MI",42.3315509,-83.0466403,Norman Lewis,1940
"Baltimore, MD",39.2908816,-76.610759,Olin Landick,1937
"Detroit, MI",42.3315509,-83.0466403,Olin Landick,1937
"New York, NY",40.7127281,-74.0060152,Olyn Landick,1932
"New York, NY",40.7127281,-74.0060152,Olyn Landick,1933
"Hartford, CT",41.7655582,-72.69061276146614,Olyn Landick,1937
"Akron, OH",41.083064,-81.518485,Ora Monte,1936
"Lansing, MI",42.7337712,-84.5553805,Page? Hudeck?,1936
"San Francisco, CA",37.7790262,-122.4199061,Palofox,1940
"Miami, FL",25.7741728,-80.19362,Pat Clayton,1939
"Miami, FL",25.7741728,-80.19362,Pat Clayton,1940
"Baltimore, MD",39.2908816,-76.610759,Patsy Campbell,1935
"Miami, FL",25.7741728,-80.19362,Patsy Keller,1939
"Zanesville, OH",39.9403453,-82.0131924,Patty Baker,1938
OH,40.2253569,-82.6881395,Patty Baker,1938
"Los Angeles, CA",34.0536909,-118.242766,Paul,1932
"San Francisco, CA",37.7790262,-122.4199061,Paul Coleman,1940
"Lansing, MI",42.7337712,-84.5553805,Paul Gilrey,1936
"Oklahoma City, OK",35.4729886,-97.5170536,Paul Gilrey,1938
"Cincinnati, OH",39.1014537,-84.5124602,Paul LaPage,1934
"Chicago, IL",41.8755616,-87.6244212,Paul LaPage,1934
"Sandusky, OH",41.4561002,-82.7115813,Paul Russell,1937
"Detroit, MI",42.3315509,-83.0466403,Paul Russell,1937
"Miami, FL",25.7741728,-80.19362,Paul Russell,1939
"Miami, FL",25.7741728,-80.19362,Paul Russell,1940
"Chicago, IL",41.8755616,-87.6244212,Peaches Browning,1936
"Pittsburgh, PA",40.4416941,-79.9900861,Peaches Browning,1937
"Chicago, IL",41.8755616,-87.6244212,Peaches Browning,1938
"Baltimore, MD",39.2908816,-76.610759,Peaches Buckingham,1938
"Chicago, IL",41.8755616,-87.6244212,Peggy Joyce,1931
"Pittsburgh, PA",40.4416941,-79.9900861,Peggy Joyce,1935
"Detroit, MI",42.3315509,-83.0466403,Peggy Joyce,1935
"Chicago, IL",41.8755616,-87.6244212,Peggy Joyce,1935
"St. Louis, MO",38.6529545,-90.24111656024635,Peggy Joyce,1937
"Binghamton, NY",42.096968,-75.914341,Pep Murray,1934
"Olean, NY",42.0774779,-78.4298613,Pep Murray,1935
"New York, NY",40.7127281,-74.0060152,Pep Murray,1935
"Jamestown, NY",42.0970023,-79.2353259,Pep Murray,1935
"Syracuse, NY",43.0481221,-76.1474244,Pep Murray,1935
"Warren, PA",41.843949,-79.145045,Pep Murray,1935
"Scranton, PA",41.4086874,-75.6621294,Pep Murray,1935
"Shreveport, LA",32.5221828,-93.7651944,Pepper Cortez,1937
"St. Louis, MO",38.6529545,-90.24111656024635,Pepper Cortez,1938
"Albany, NY",42.6511674,-73.754968,Peppy Carman,1935
"Philadelphia, PA",39.9527237,-75.1635262,Peppy Carman,1940
"Chicago, IL",41.8755616,-87.6244212,Petite Swanson,1936
"Pittsburgh, PA",40.4416941,-79.9900861,Petite Swanson,1937
"Pittsburgh, PA",40.4416941,-79.9900861,Petite Swanson,1938
"Chicago, IL",41.8755616,-87.6244212,Petite Swanson,1938
"Atlantic City, NJ",39.3642852,-74.4229351,Phil Black,1931
"Atlantic City, NJ",39.3642852,-74.4229351,Phil Black,1933
"New York, NY",40.7127281,-74.0060152,Phil Black,1938
"New York, NY",40.7127281,-74.0060152,Phil Black,1939
"Corpus Christi, TX",27.7477253,-97.4014129,Phil Craig,1936
"Kansas City, MO",39.100105,-94.5781416,Phil Craig,1937
"Corpus Christi, TX",27.7477253,-97.4014129,Phil Craig,1937
"Kansas City, MO",39.100105,-94.5781416,Phil Craig,1939
"Sandusky, OH",41.4561002,-82.7115813,Princess Diane,1937
"Juarez, Mexico",32.4078425,-104.2332312,Rae Bourbon,1931
"Bakersfield, CA",35.3738712,-119.0194639,Rae Bourbon,1931
"Los Angeles, CA",34.0536909,-118.242766,Rae Bourbon,1932
"Los Angeles, CA",34.0536909,-118.242766,Rae Bourbon,1933
"Chicago, IL",41.8755616,-87.6244212,Rae Bourbon,1933
"San Francisco, CA",37.7790262,-122.4199061,Rae Bourbon,1933
"Salt Lake City, UT",40.7596198,-111.8867975,Rae Bourbon,1933
"Juarez, Mexico",32.4078425,-104.2332312,Rae Bourbon,1933
"Salt Lake City, UT",40.7596198,-111.8867975,Rae Bourbon,1934
"Matawan, NJ",40.41483,-74.2295891,Rae Bourbon,1934
"St. Louis, MO",38.6529545,-90.24111656024635,Rae Bourbon,1934
"New York, NY",40.7127281,-74.0060152,Rae Bourbon,1934
"St. Louis, MO",38.6529545,-90.24111656024635,Rae Bourbon,1935
"Miami, FL",25.7741728,-80.19362,Rae Bourbon,1935
"Los Angeles, CA",34.0536909,-118.242766,Rae Bourbon,1935
"Los Angeles, CA",34.0536909,-118.242766,Rae Bourbon,1936
"Kansas City, MO",39.100105,-94.5781416,Rae Bourbon,1938
"Los Angeles, CA",34.0536909,-118.242766,Rae Bourbon,1939
"Miami, FL",25.7741728,-80.19362,Rae Bourbon,1940
"New York, NY",40.7127281,-74.0060152,Rae Bourbon,1940
"Binghamton, NY",42.096968,-75.914341,Ralph Gilbert,1934
"Sheboygan, WI",43.7508284,-87.71453,Ralph Gilbert,1934
"Baltimore, MD",39.2908816,-76.610759,Ralph Gilbert,1935
"Benton Harbor, MI",42.1167065,-86.4541894,Ralph Gilbert,1935
"Rock Island, IL",41.4411786,-90.5766144,Ralph Gilbert,1938
"Detroit, MI",42.3315509,-83.0466403,Ralph Gilbert,1940
"Baltimore, MD",39.2908816,-76.610759,Ralph Miller,1934
"Akron, OH",41.083064,-81.518485,Ram'ee,1936
"New York, NY",40.7127281,-74.0060152,Ramon Strobeck,1930
"New York, NY",40.7127281,-74.0060152,Ramon Strobeck,1938
"Akron, OH",41.083064,-81.518485,Rani Dorzi,1936
"Albany, NY",42.6511674,-73.754968,Ray Foster,1940
"Seattle, WA",47.6038321,-122.3300624,Ray Francis,1940
"Pinedale, WY",42.8687119,-109.8710028084494,Ray Francis,1940
"Detroit, MI",42.3315509,-83.0466403,Ray Francis,1940
"New York, NY",40.7127281,-74.0060152,Ray Shannon,1933
"San Francisco, CA",37.7790262,-122.4199061,Reeder Richards,1938
"San Francisco, CA",37.7790262,-122.4199061,Reeder Richards,1939
"Asbury Park, NJ",40.2203907,-74.0120817,"Reggie ""Dolly"" Windsor",1935
"New York, NY",40.7127281,-74.0060152,"Reggie ""Dolly"" Windsor",1935
"Youngstown, OH",41.1035786,-80.6520161,"Reggie ""Dolly"" Windsor",1936
"New York, NY",40.7127281,-74.0060152,Richard Carlson,1935
"New York, NY",40.7127281,-74.0060152,Richard Lansin,1939
"Boston, MA",42.3602534,-71.0582912,Richard Snooks Davis,1939
"Wappingers Falls, NY",41.5965635,-73.9112103,Robert A. Lyons,1935
"Albany, NY",42.6511674,-73.754968,Robert Brennan,1935
"New York, NY",40.7127281,-74.0060152,Robert G. Brennan,1935
"Los Angeles, CA",34.0536909,-118.242766,Robert Long,1933
"Albany, NY",42.6511674,-73.754968,Robert P. Philip,1934
"Los Angeles, CA",34.0536909,-118.242766,Rocky,1932
"Los Angeles, CA",34.0536909,-118.242766,Rocky,1933
"Nassau, NY",42.5159145,-73.6101159,Rollie Andrews,1935
"New York, NY",40.7127281,-74.0060152,Rollie Andrews,1935
"New York, NY",40.7127281,-74.0060152,Roni Warren,1934
"Baltimore, MD",39.2908816,-76.610759,Roni Warren,1935
"Albany, NY",42.6511674,-73.754968,Roni Warren,1935
"Buffalo, NY",42.8867166,-78.8783922,Roni Warren,1935
"Saratoga Springs, NY",43.0821793,-73.7853915,Roni Warren,1935
"Hartford, NC",41.7688459,-72.6816303,Roni Warren,1936
"Hartford, CT",41.7655582,-72.69061276146614,Roni Warren,1937
"Hartford, CT",41.7655582,-72.69061276146614,Roni Warren,1938
"Albany, NY",42.6511674,-73.754968,Roni Warren,1939
"Albany, NY",42.6511674,-73.754968,Roni Warren,1940
"Detroit, MI",42.3315509,-83.0466403,Roxy,1937
"New York, NY",40.7127281,-74.0060152,Roy Whitemore,1939
"Pittsburgh, PA",40.4416941,-79.9900861,Ruth Roberts,1935
"Miami, FL",25.7741728,-80.19362,Sally,1939
"San Francisco, CA",37.7790262,-122.4199061,Sam Silvers,1933
"Pottersville, NY",43.7311765,-73.8192961,Sammy Grand,1939
"New York, NY",40.7127281,-74.0060152,Sammy Grand,1939
"Baltimore, MD",39.2908816,-76.610759,Sammy Lewis,1936
"New York, NY",40.7127281,-74.0060152,Sandra,1938
"New York, NY",40.7127281,-74.0060152,Satch,1936
"New York, NY",40.7127281,-74.0060152,Satch? Satchell?,1936
"New York, NY",40.7127281,-74.0060152,Satchell,1936
"Chicago, IL",41.8755616,-87.6244212,Sepia Gloria Swanson,1931
"Chicago, IL",41.8755616,-87.6244212,Sepia Gloria Swanson,1932
"Detroit, MI",42.3315509,-83.0466403,Sepia Gloria Swanson,1933
"Chicago, IL",41.8755616,-87.6244212,Sepia Gloria Swanson,1934
"Lawnside, NJ",39.8665025,-75.0282253,Sepia Gloria Swanson,1935
"New York, NY",40.7127281,-74.0060152,Sepia Gloria Swanson,1937
"New York, NY",40.7127281,-74.0060152,Sepia Gloria Swanson,1938
"Lawnside, NJ",39.8665025,-75.0282253,Sepia Gloria Swanson,1938
"Baltimore, MD",39.2908816,-76.610759,Sepia Mae West,1934
"New York, NY",40.7127281,-74.0060152,Sepia Mae West,1934
"New York, NY",40.7127281,-74.0060152,Sepia Mae West,1935
"Kansas City, MO",39.100105,-94.5781416,Sepia Mae West,1935
"Los Angeles, CA",34.0536909,-118.242766,Sepia Mae West,1935
"Chicago, IL",41.8755616,-87.6244212,Sepia Mae West,1935
"New York, NY",40.7127281,-74.0060152,Sepia Mae West,1936
"Chicago, IL",41.8755616,-87.6244212,Sepia Mae West,1936
"Chicago, IL",41.8755616,-87.6244212,Sepia Mae West,1937
"Chicago, IL",41.8755616,-87.6244212,Sepia Mae West,1938
"Hartford, CT",41.7655582,-72.69061276146614,Soni Sinclair,1938
"Miami, FL",25.7741728,-80.19362,Sonny La Ray,1939
"Philadelphia, PA",39.9527237,-75.1635262,Sonny La Ray,1940
"Atlantic City, NJ",39.3642852,-74.4229351,Sonny O'Shea,1933
"Miami, FL",25.7741728,-80.19362,Sonny O'Shea,1933
"New York, NY",40.7127281,-74.0060152,Sonny O'Shea,1933
"Wappingers Falls, NY",41.5965635,-73.9112103,Stanley E. Caulfield,1935
"Cleveland, OH",41.5051613,-81.6934446,Stanley Jabin,1936
"Miami, FL",25.7741728,-80.19362,Stanley Jabin,1936
"New York, NY",40.7127281,-74.0060152,Stanley Rogers,1930
"Baltimore, MD",39.2908816,-76.610759,Stanley Rogers,1935
"Miami, FL",25.7741728,-80.19362,Stanley Rogers,1939
"New York, NY",40.7127281,-74.0060152,Steel Smith,1938
"Albany, NY",42.6511674,-73.754968,Stuart P. Murphy,1940
"Lansing, MI",42.7337712,-84.5553805,Tangara,1936
"Lima, OH",40.7399785,-84.105006,Tangara,1936
"Benton Harbor, MI",42.1167065,-86.4541894,Tangara,1936
"Dayton, OH",39.7589478,-84.1916069,Tangara,1936
"Benton Harbor, MI",42.1167065,-86.4541894,Tangara,1937
"Atlantic City, NJ",39.3642852,-74.4229351,Tanya Garth,1937
"Kansas City, MO",39.100105,-94.5781416,Ted Cook,1935
"Miami, FL",25.7741728,-80.19362,Ted Cook,1935
"Chicago, IL",41.8755616,-87.6244212,Ted Cook,1935
"Wilmington, DE",39.7459468,-75.546589,Ted Lewis,1935
"Warren, PA",41.843949,-79.145045,Ted Shaw,1935
"Pittsburgh, PA",40.4416941,-79.9900861,Ted Shaw,1935
"Miami, FL",25.7741728,-80.19362,Teddy Cappy,1939
"Miami, FL",25.7741728,-80.19362,Teddy Cappy,1940
"Albany, NY",42.6511674,-73.754968,Teddy Hayes,1935
"Albany, NY",42.6511674,-73.754968,Teddy Keller,1935
"Philadelphia, PA",39.9527237,-75.1635262,Teddy Keller,1940
"Pottsville, PA",40.6851324,-76.1953701,Teddy â€”,1935
"Detroit, MI",42.3315509,-83.0466403,Teddy â€”,1940
"Zanesville, OH",39.9403453,-82.0131924,Terry La Monte,1938
OH,40.2253569,-82.6881395,Terry La Monte,1938
"Syracuse, NY",43.0481221,-76.1474244,Terry Lane,1935
"Miami, FL",25.7741728,-80.19362,Terry Lane,1939
"Pittsburgh, PA",40.4416941,-79.9900861,Terry Phillips,1937
"Asbury Park, NJ",40.2203907,-74.0120817,Terry Stone,1935
"Hartford, CT",41.7655582,-72.69061276146614,Terry Tremaine,1938
"Chicago, IL",41.8755616,-87.6244212,Tex Hendricks,1930
"New York, NY",40.7127281,-74.0060152,Tex Hendricks,1934
"New York, NY",40.7127281,-74.0060152,Tex Hendricks,1936
"New York, NY",40.7127281,-74.0060152,Tex Hendricks,1937
"Miami, FL",25.7741728,-80.19362,Tex Hendricks,1939
"Miami, FL",25.7741728,-80.19362,Tex Hendricks,1940
"Hartford, CT",41.7655582,-72.69061276146614,The Mystery Dancer,1938
"Chicago, IL",41.8755616,-87.6244212,Thelma Lee,1940
"New York, NY",40.7127281,-74.0060152,Theodore Coppi,1935
"Akron, OH",41.083064,-81.518485,Thetis Storey,1937
"New York, NY",40.7127281,-74.0060152,Thomas Martin,1935
"Massillon, OH",40.7965119,-81.5231597,Thompson Twin 1,1936
"Massillon, OH",40.7965119,-81.5231597,Thompson Twin 2,1936
"Miami, FL",25.7741728,-80.19362,Tiny Kingsmore,1939
"Lansing, MI",42.7337712,-84.5553805,Toley-Goodie-Goodie-Waddel,1936
"Massillon, OH",40.7965119,-81.5231597,Tom Hose,1936
"Akron, OH",41.083064,-81.518485,Tom Hose,1936
"Hartford, CT",41.7655582,-72.69061276146614,Tom Martelle,1930
"Atlanta, GA",33.7489924,-84.3902644,Tom Martelle,1939
"New York, NY",40.7127281,-74.0060152,Tommy Mann,1930
"Los Angeles, CA",34.0536909,-118.242766,Tony Collins,1934
"Hartford, CT",41.7655582,-72.69061276146614,Tony Karol,1938
"Olean, NY",42.0774779,-78.4298613,Toots,1935
"Warren, PA",41.843949,-79.145045,Toots,1935
"Seattle, WA",47.6038321,-122.3300624,Val Rai,1937
"Reno, NV",39.5261206,-119.8126581,Val Rai,1937
"Seattle, WA",47.6038321,-122.3300624,Val Rai,1939
"Massillon, OH",40.7965119,-81.5231597,Val Turek,1936
"Akron, OH",41.083064,-81.518485,Val Turek,1936
"Pittsburgh, PA",40.4416941,-79.9900861,Val Varr,1935
"Chicago, IL",41.8755616,-87.6244212,Valda Gray,1936
"Chicago, IL",41.8755616,-87.6244212,Valda Gray,1937
"Chicago, IL",41.8755616,-87.6244212,Valda Gray,1938
"Chicago, IL",41.8755616,-87.6244212,Valda Gray,1939
"Chicago, IL",41.8755616,-87.6244212,Valda Gray,1940
"Benton Harbor, MI",42.1167065,-86.4541894,Vera Mazzie,1934
"Benton Harbor, MI",42.1167065,-86.4541894,Vera Mazzie,1937
"Los Angeles, CA",34.0536909,-118.242766,Verne Valdez,1935
"Massillon, OH",40.7965119,-81.5231597,Verne Valdez,1936
"Los Angeles, CA",34.0536909,-118.242766,Verne Valdez,1936
"East Liverpool, OH",40.6186756,-80.5772928,Verne Valdez,1936
"Columbus, OH",39.9622601,-83.0007065,Verne Valdez,1936
"Pittsburgh, PA",40.4416941,-79.9900861,Verne Valdez,1936
"Baltimore, MD",39.2908816,-76.610759,Verne Valdez,1937
"Columbus, OH",39.9622601,-83.0007065,Verne Valdez,1937
"Detroit, MI",42.3315509,-83.0466403,Verne Valdez,1937
"Youngstown, OH",41.1035786,-80.6520161,Verne Valdez,1937
"Baltimore, MD",39.2908816,-76.610759,Verne Valdez,1938
"Houston, TX",29.7589382,-95.3676974,Verne Valdez,1938
"Cleveland, OH",41.5051613,-81.6934446,Verne Valdez,1938
"San Francisco, CA",37.7790262,-122.4199061,Verne Valdez,1938
"Seattle, WA",47.6038321,-122.3300624,Verne Valdez,1939
"New York, NY",40.7127281,-74.0060152,Vincent McFarland,1930
"New York, NY",40.7127281,-74.0060152,Vincent Reid,1934
"Philadelphia, PA",39.9527237,-75.1635262,Vincent Reid,1934
"Miami, FL",25.7741728,-80.19362,Violet Clements,1939
"Albany, NY",42.6511674,-73.754968,Wally Brennan,1939
"Saratoga Springs, NY",43.0821793,-73.7853915,Wally Brennan,1939
"Miami, FL",25.7741728,-80.19362,Wally Thompson,1935
"San Francisco, CA",37.7790262,-122.4199061,Walter Hart,1938
"San Francisco, CA",37.7790262,-122.4199061,Walter Hart,1939
"San Francisco, CA",37.7790262,-122.4199061,Walter Hart,1940
"Miami, FL",25.7741728,-80.19362,Walter McDonald,1933
"Miami, FL",25.7741728,-80.19362,Walter McDonald,1934
"New York, NY",40.7127281,-74.0060152,Walter Munde,1931
"Baltimore, MD",39.2908816,-76.610759,Whitie,1934
"Minneapolis, MN",44.9772995,-93.2654692,Wilkie Mason,1938
"Detroit, MI",42.3315509,-83.0466403,Wilkie Mason,1940
"Wappingers Falls, NY",41.5965635,-73.9112103,William Lee Becker,1935
"Detroit, MI",42.3315509,-83.0466403,Yvonne â€”,1940
